d,v
2002-03-04,5.4726
2002-03-05,6.5327
2002-03-06,4.3902
2002-03-07,3.7383
2002-03-08,3.1818
2002-03-11,3.1111
2002-03-12,2.5316
2002-03-13,3.8627
2002-03-14,3.7975
2002-03-15,4.7009
2002-03-18,5.1724
2002-03-19,3.3613
2002-03-20,4.5267
2002-03-21,6.6946
2002-03-22,20.6226
2002-03-25,12.1495
2002-03-26,3.6789
2002-03-27,7.0175
2002-04-02,1.3841
2002-04-03,2.4138
2002-04-04,1.4286
2002-04-05,5.618
2002-04-08,3.3333
2002-04-09,1.8182
2002-04-10,1.083
2002-04-11,1.7921
2002-04-12,4.1958
2002-04-15,1.0274
2002-04-16,-1.0526
2002-04-17,2.847
2002-04-18,8.2474
2002-04-19,2.8846
2002-04-29,-2.3179
2002-04-30,3.7671
2002-05-02,3.6184
2002-05-03,1.2658
2002-05-06,1.5823
2002-05-07,1.8927
2002-05-08,1.8809
2002-05-09,1.2579
2002-05-10,4.0881
2002-05-13,0.9174
2002-05-14,1.227
2002-05-15,1.2384
2002-05-16,1.8634
2002-05-17,2.7027
2002-05-20,1.4205
2002-05-21,0.2865
2002-05-22,2.924
2002-05-23,2.9499
2002-05-24,4.0816
2002-05-27,2.6087
2002-05-28,2.6087
2002-05-29,2.2599
2002-05-30,1.6713
2002-05-31,1.1173
2002-06-03,1.6713
2002-06-04,1.385
2002-06-05,1.1019
2002-06-06,1.6484
2002-06-07,2.2039
2002-06-10,0.5666
2002-06-11,2.3121
2002-06-12,2.3188
2002-06-13,2.3055
2002-06-14,3.4286
2002-06-18,1.9943
2002-06-19,2.8249
2002-06-20,2.514
2002-06-21,3.022
2002-06-24,3.2345
2002-06-25,2.0779
2002-06-26,1.0336
2002-06-27,1.5748
2002-06-28,3.1579
2002-07-01,1.0554
2002-07-02,0.271
2002-07-03,1.676
2002-07-04,1.1236
2002-07-05,1.9608
2002-07-08,1.6997
2002-07-10,1.6997
2002-07-11,1.6854
2002-07-12,1.1142
2002-07-15,1.1142
2002-07-16,0.2786
2002-07-17,2.2857
2002-07-18,1.9774
2002-07-19,1.1173
2002-07-22,0.8333
2002-07-23,1.0989
2002-07-24,0.274
2002-07-25,0.8264
2002-07-26,0.5464
2002-07-29,0.5479
2002-07-30,0.5479
2002-07-31,0.8108
2002-08-01,0.551
2002-08-02,0.8287
2002-08-05,0.2762
2002-08-06,0.2762
2002-08-07,0.0
2002-08-08,-0.2747
2002-08-09,-0.2747
2002-08-12,0.0
2002-08-13,0.0
2002-08-14,0.0
2002-08-15,-0.2747
2002-08-16,0.0
2002-08-20,-0.2755
2002-08-21,0.0
2002-08-22,0.0
2002-08-23,0.5556
2002-08-26,0.5525
2002-08-27,0.0
2002-08-28,0.277
2002-08-29,0.554
2002-08-30,0.2755
2002-09-02,-0.2755
2002-09-03,0.0
2002-09-04,0.5495
2002-09-05,0.2762
2002-09-06,0.554
2002-09-09,1.108
2002-09-10,0.5525
2002-09-11,0.554
2002-09-12,1.105
2002-09-13,1.1019
2002-09-16,0.5495
2002-09-17,0.551
2002-09-18,0.551
2002-09-19,1.0959
2002-09-20,0.5464
2002-09-23,0.8219
2002-09-24,0.8197
2002-09-25,1.0899
2002-09-26,1.0899
2002-09-27,1.6216
2002-09-30,0.5362
2002-10-01,0.2674
2002-10-02,0.266
2002-10-03,0.8
2002-10-04,0.5348
2002-10-07,0.0
2002-10-08,0.2674
2002-10-09,0.5376
2002-10-10,0.813
2002-10-11,0.5391
2002-10-15,0.2717
2002-10-16,0.554
2002-10-17,1.1204
2002-10-18,1.3928
2002-10-21,0.831
2002-10-22,0.5525
2002-10-23,0.8333
2002-10-24,0.8333
2002-10-25,0.554
2002-10-28,0.5571
2002-10-29,0.2793
2002-10-30,0.0
2002-10-31,0.2841
2002-11-01,0.8523
2002-11-04,1.1299
2002-11-05,0.8475
2002-11-07,0.565
2002-11-08,1.1331
2002-11-11,0.8475
2002-11-12,0.8499
2002-11-13,0.5666
2002-11-14,1.4124
2002-11-15,1.6997
2002-11-18,0.8499
2002-11-19,1.1396
2002-11-20,1.1396
2002-11-21,1.4245
2002-11-22,1.7143
2002-11-25,1.4286
2002-11-26,1.7241
2002-11-27,1.1461
2002-11-28,1.6949
2002-11-29,1.6667
2002-12-02,0.8357
2002-12-03,1.1299
2002-12-04,1.1331
2002-12-05,1.7045
2002-12-06,1.6997
2002-12-09,1.1331
2002-12-10,0.5666
2002-12-11,0.5698
2002-12-12,0.8571
2002-12-13,1.4245
2002-12-16,0.565
2002-12-17,0.8475
2002-12-18,0.8547
2002-12-19,0.8621
2002-12-20,1.1527
2002-12-23,0.2882
2002-12-24,0.2899
2002-12-26,0.2933
2002-12-27,0.5882
2002-12-30,-0.295
2002-12-31,0.2976
2003-01-02,0.2976
2003-01-03,0.6006
2003-01-06,0.0
2003-01-07,-0.304
2003-01-08,0.9119
2003-01-09,1.2085
2003-01-10,0.8955
2003-01-13,-0.2985
2003-01-14,-0.303
2003-01-15,1.2384
2003-01-16,1.2346
2003-01-17,0.6173
2003-01-20,0.0
2003-01-21,-0.639
2003-01-22,2.9412
2003-01-23,1.2821
2003-01-24,2.5237
2003-01-27,2.454
2003-01-28,0.0
2003-01-29,-0.5988
2003-01-30,1.2346
2003-01-31,1.5723
2003-02-03,0.3125
2003-02-04,0.6329
2003-02-05,0.9524
2003-02-06,0.9524
2003-02-07,0.9524
2003-02-10,0.3175
2003-02-11,0.6452
2003-02-12,1.6234
2003-02-13,1.6026
2003-02-14,-0.3135
2003-02-17,-0.3165
2003-02-18,1.2658
2003-02-19,1.2579
2003-02-20,0.0
2003-02-21,0.0
2003-02-24,0.0
2003-02-25,0.6349
2003-02-26,0.6329
2003-02-27,0.9434
2003-02-28,0.0
2003-03-03,0.0
2003-03-04,0.0
2003-03-05,0.9464
2003-03-06,0.6289
2003-03-07,0.3155
2003-03-10,0.3175
2003-03-11,0.6369
2003-03-12,0.9646
2003-03-13,0.9646
2003-03-14,0.641
2003-03-17,0.6452
2003-03-18,0.3257
2003-03-19,0.6623
2003-03-20,1.3245
2003-03-21,0.0
2003-03-24,-0.6645
2003-03-25,0.6803
2003-03-26,0.0
2003-03-27,1.0453
2003-03-28,1.0135
2003-04-01,0.3356
2003-04-02,0.3425
2003-04-03,1.0345
2003-04-04,0.6897
2003-04-07,1.0381
2003-04-08,0.6873
2003-04-09,0.3425
2003-04-10,0.0
2003-04-11,0.346
2003-04-14,1.0274
2003-04-15,0.0
2003-04-16,0.0
2003-04-21,0.0
2003-04-22,0.3497
2003-04-23,1.0563
2003-04-24,1.4035
2003-04-25,-0.3472
2003-04-28,0.3497
2003-04-29,0.3509
2003-04-30,0.0
2003-05-02,0.3584
2003-05-05,0.3571
2003-05-06,0.3571
2003-05-07,0.0
2003-05-08,0.0
2003-05-09,0.7246
2003-05-12,0.0
2003-05-13,1.0909
2003-05-14,1.083
2003-05-15,0.7042
2003-05-16,1.0309
2003-05-19,-1.6949
2003-05-20,-0.3472
2003-05-21,0.3509
2003-05-22,2.4648
2003-05-23,0.346
2003-05-26,0.0
2003-05-27,0.3484
2003-05-28,0.0
2003-05-29,0.0
2003-05-30,0.3497
2003-06-02,0.0
2003-06-03,0.0
2003-06-04,0.3534
2003-06-05,0.7092
2003-06-06,0.3546
2003-06-09,-0.3546
2003-06-10,0.0
2003-06-11,1.0676
2003-06-12,0.0
2003-06-13,-0.3534
2003-06-17,0.3571
2003-06-18,0.0
2003-06-19,0.3571
2003-06-20,0.3571
2003-06-23,-0.3571
2003-06-24,0.361
2003-06-25,0.7246
2003-06-26,0.7168
2003-06-27,0.7168
2003-06-30,-0.7117
2003-07-01,0.0
2003-07-02,0.0
2003-07-03,0.0
2003-07-04,0.0
2003-07-07,0.0
2003-07-08,0.0
2003-07-10,0.361
2003-07-11,0.3623
2003-07-14,0.7246
2003-07-15,0.0
2003-07-16,0.361
2003-07-17,0.3584
2003-07-18,0.3571
2003-07-21,-0.3571
2003-07-22,0.0
2003-07-23,0.3597
2003-07-24,1.0753
2003-07-25,0.0
2003-07-28,0.3546
2003-07-29,0.3521
2003-07-30,1.0417
2003-07-31,-0.3413
2003-08-01,0.3413
2003-08-04,0.0
2003-08-05,-0.3401
2003-08-06,0.3413
2003-08-07,0.0
2003-08-08,0.3425
2003-08-11,0.0
2003-08-12,-0.3436
2003-08-13,0.3472
2003-08-14,0.3448
2003-08-15,0.0
2003-08-19,0.0
2003-08-20,0.3436
2003-08-21,0.6803
2003-08-22,-0.6734
2003-08-25,0.0
2003-08-26,0.6849
2003-08-27,0.3378
2003-08-28,-0.6734
2003-08-29,0.339
2003-09-01,0.0
2003-09-02,0.3367
2003-09-03,0.0
2003-09-04,0.3378
2003-09-05,0.0
2003-09-08,0.6803
2003-09-09,0.3378
2003-09-10,0.1701
2003-09-11,0.3448
2003-09-12,0.692
2003-09-15,0.519
2003-09-16,0.519
2003-09-17,0.3436
2003-09-18,0.0
2003-09-19,0.3436
2003-09-22,0.3436
2003-09-23,0.3448
2003-09-24,0.519
2003-09-25,0.519
2003-09-26,0.3448
2003-09-29,0.1718
2003-09-30,0.3436
2003-10-01,0.0
2003-10-02,0.1724
2003-10-03,0.0
2003-10-06,-0.1736
2003-10-07,0.5226
2003-10-08,0.5245
2003-10-09,0.3509
2003-10-10,0.8834
2003-10-14,0.3521
2003-10-15,0.5282
2003-10-16,0.7042
2003-10-17,0.1754
2003-10-20,0.1754
2003-10-21,0.1754
2003-10-22,0.1754
2003-10-23,0.1754
2003-10-24,0.3521
2003-10-27,0.3521
2003-10-28,0.3509
2003-10-29,0.5263
2003-10-30,0.5245
2003-10-31,-0.3472
2003-11-03,0.0
2003-11-04,0.3509
2003-11-05,0.0
2003-11-07,0.0
2003-11-10,0.1754
2003-11-11,0.3509
2003-11-12,-0.1748
2003-11-13,0.1748
2003-11-14,0.0
2003-11-17,-0.3472
2003-11-18,0.0
2003-11-19,0.1742
2003-11-20,0.1736
2003-11-21,0.0
2003-11-24,0.173
2003-11-25,0.0
2003-11-26,1.3605
2003-11-27,-0.6711
2003-11-28,-0.6689
2003-12-01,-1.0033
2003-12-02,0.0
2003-12-03,-0.5034
2003-12-04,-0.1684
2003-12-05,0.0
2003-12-09,-0.1695
2003-12-10,0.0
2003-12-11,0.1695
2003-12-12,0.0
2003-12-15,0.0
2003-12-16,0.0
2003-12-17,-0.1684
2003-12-18,0.0
2003-12-19,0.0
2003-12-22,-0.1684
2003-12-23,0.0
2003-12-24,0.0
2003-12-26,0.678
2003-12-29,0.339
2003-12-30,0.8532
2003-12-31,1.0239
2004-01-02,1.0274
2004-01-05,0.8651
2004-01-06,1.5734
2004-01-07,1.5679
2004-01-08,0.8651
2004-01-09,0.692
2004-01-12,0.3484
2004-01-13,1.049
2004-01-14,1.0417
2004-01-15,0.6969
2004-01-16,1.2195
2004-01-19,0.346
2004-01-20,0.346
2004-01-21,1.0381
2004-01-22,0.0
2004-01-23,0.5172
2004-01-26,0.1718
2004-01-27,0.1718
2004-01-28,0.0
2004-01-29,0.0
2004-01-30,-0.3413
2004-02-02,-0.6803
2004-02-03,0.0
2004-02-04,0.0
2004-02-05,-0.3378
2004-02-06,-0.1689
2004-02-09,-0.1701
2004-02-10,0.3413
2004-02-11,0.1701
2004-02-12,0.1706
2004-02-13,0.1712
2004-02-16,0.1712
2004-02-17,0.5137
2004-02-18,0.3413
2004-02-19,0.1701
2004-02-20,0.1701
2004-02-23,0.5137
2004-02-24,0.3425
2004-02-25,0.5137
2004-02-26,0.6849
2004-02-27,0.3425
2004-03-01,0.0
2004-03-02,0.1712
2004-03-03,0.3436
2004-03-04,0.3425
2004-03-05,0.1706
2004-03-08,0.0
2004-03-09,-0.1706
2004-03-10,0.8621
2004-03-11,0.1712
2004-03-12,0.6873
2004-03-15,0.5155
2004-03-16,0.6897
2004-03-17,0.692
2004-03-18,0.8681
2004-03-19,0.8681
2004-03-22,0.5226
2004-03-23,0.8711
2004-03-24,0.5208
2004-03-25,0.6944
2004-03-26,0.6944
2004-03-29,0.5208
2004-03-30,0.3484
2004-03-31,0.3497
2004-04-01,0.5263
2004-04-02,0.5263
2004-04-06,0.1761
2004-04-07,0.1779
2004-04-12,0.8929
2004-04-13,0.1773
2004-04-14,0.1773
2004-04-15,0.7117
2004-04-16,0.3546
2004-04-19,0.5319
2004-04-20,0.0
2004-04-21,0.1754
2004-04-22,0.5245
2004-04-23,0.1748
2004-04-26,0.1761
2004-04-27,0.53
2004-04-28,0.3509
2004-04-29,0.0874
2004-04-30,-0.2632
2004-05-03,0.5282
2004-05-04,0.0874
2004-05-05,0.2622
2004-05-06,0.3472
2004-05-07,-0.1712
2004-05-10,-1.3514
2004-05-11,0.1718
2004-05-12,0.6873
2004-05-13,0.0
2004-05-14,0.1718
2004-05-17,0.5155
2004-05-18,0.5155
2004-05-19,0.5155
2004-05-20,0.8532
2004-05-21,0.1695
2004-05-24,0.339
2004-05-26,0.339
2004-05-27,0.1689
2004-05-28,-0.1689
2004-05-31,0.1689
2004-06-01,-0.1684
2004-06-02,0.1695
2004-06-03,0.678
2004-06-04,-0.0842
2004-06-07,-0.1684
2004-06-08,-0.0842
2004-06-09,0.2534
2004-06-10,0.4223
2004-06-11,0.0842
2004-06-14,0.0
2004-06-15,0.2534
2004-06-16,0.5932
2004-06-17,0.3378
2004-06-18,0.5068
2004-06-22,0.3378
2004-06-23,0.2542
2004-06-24,0.6803
2004-06-25,0.339
2004-06-28,0.0845
2004-06-29,0.2534
2004-06-30,0.0
2004-07-01,0.339
2004-07-02,0.1695
2004-07-05,-0.1695
2004-07-06,0.4252
2004-07-07,0.6803
2004-07-08,0.4237
2004-07-12,0.0845
2004-07-13,0.4237
2004-07-14,0.339
2004-07-15,0.339
2004-07-16,0.6803
2004-07-19,0.6803
2004-07-20,0.339
2004-07-21,0.4237
2004-07-22,0.2534
2004-07-23,0.4223
2004-07-26,0.2525
2004-07-27,0.2525
2004-07-28,0.1684
2004-07-29,-0.0839
2004-07-30,-0.0839
2004-08-02,-0.1672
2004-08-03,0.0
2004-08-04,0.4983
2004-08-05,0.4934
2004-08-06,-0.4886
2004-08-09,-0.6557
2004-08-10,0.1656
2004-08-11,0.0825
2004-08-12,0.1656
2004-08-13,0.4983
2004-08-17,0.2492
2004-08-18,-0.0828
2004-08-19,0.1661
2004-08-20,0.1661
2004-08-23,0.1661
2004-08-24,0.3333
2004-08-25,0.5853
2004-08-26,1.3378
2004-08-27,0.2492
2004-08-30,0.0
2004-08-31,0.25
2004-09-01,0.6667
2004-09-02,0.5833
2004-09-03,0.4167
2004-09-06,0.6689
2004-09-07,0.5853
2004-09-08,0.6689
2004-09-09,0.4167
2004-09-10,0.1661
2004-09-13,0.0
2004-09-14,0.1667
2004-09-15,0.8389
2004-09-16,0.6711
2004-09-17,0.0833
2004-09-20,0.5017
2004-09-21,0.5
2004-09-22,0.4167
2004-09-23,0.5853
2004-09-24,0.3333
2004-09-27,0.5853
2004-09-28,0.4181
2004-09-29,0.3344
2004-09-30,0.5872
2004-10-01,0.3356
2004-10-04,0.3367
2004-10-05,0.4209
2004-10-06,0.3367
2004-10-07,0.4209
2004-10-08,0.1684
2004-10-12,0.0842
2004-10-13,0.1684
2004-10-14,-0.1678
2004-10-15,0.1684
2004-10-18,0.1689
2004-10-19,0.4223
2004-10-20,0.4223
2004-10-21,0.5912
2004-10-22,0.6757
2004-10-25,0.1684
2004-10-26,0.1684
2004-10-27,0.2525
2004-10-28,0.3356
2004-10-29,-0.4195
2004-11-01,-0.1684
2004-11-02,-0.2534
2004-11-03,0.0845
2004-11-04,0.0845
2004-11-05,0.0
2004-11-08,-0.0842
2004-11-09,-0.5872
2004-11-10,-0.2525
2004-11-11,-0.1684
2004-11-12,0.0845
2004-11-15,0.0
2004-11-16,0.1695
2004-11-17,0.2551
2004-11-18,0.6826
2004-11-19,0.3401
2004-11-22,0.2542
2004-11-23,0.0847
2004-11-24,0.3401
2004-11-25,0.4252
2004-11-26,0.1701
2004-11-29,-0.1695
2004-11-30,-0.4237
2004-12-01,-0.1701
2004-12-02,0.1695
2004-12-03,-0.2525
2004-12-06,-0.4195
2004-12-07,-0.6689
2004-12-09,-0.5872
2004-12-10,-0.6711
2004-12-13,-0.5872
2004-12-14,0.0
2004-12-15,-0.1678
2004-12-16,0.0
2004-12-17,-0.3344
2004-12-20,-0.1684
2004-12-21,0.5085
2004-12-22,0.6757
2004-12-23,0.5912
2004-12-24,0.4223
2004-12-27,0.6757
2004-12-28,0.6734
2004-12-29,0.0
2004-12-30,-0.1678
2004-12-31,0.1684
2005-01-03,0.4209
2005-01-04,0.2525
2005-01-05,0.2525
2005-01-06,0.3367
2005-01-07,0.3367
2005-01-10,0.2525
2005-01-11,0.1684
2005-01-12,0.678
2005-01-13,0.7653
2005-01-14,0.6803
2005-01-17,0.8532
2005-01-18,0.5952
2005-01-19,0.7653
2005-01-20,0.8503
2005-01-21,0.8503
2005-01-24,0.5952
2005-01-25,0.5973
2005-01-26,0.8562
2005-01-27,0.5119
2005-01-28,0.5119
2005-01-31,0.256
2005-02-01,0.2568
2005-02-02,0.2568
2005-02-03,0.1712
2005-02-04,0.1712
2005-02-07,0.1712
2005-02-08,0.1712
2005-02-09,0.3436
2005-02-10,0.4296
2005-02-11,0.4296
2005-02-14,0.1718
2005-02-15,0.1718
2005-02-16,0.0862
2005-02-17,0.6055
2005-02-18,0.2577
2005-02-21,0.0
2005-02-22,-0.1712
2005-02-23,-0.0853
2005-02-24,-0.4252
2005-02-25,-0.4266
2005-02-28,-0.4266
2005-03-01,-0.085
2005-03-02,-0.1695
2005-03-03,-0.4237
2005-03-04,-0.5102
2005-03-07,-0.0853
2005-03-08,0.0853
2005-03-09,-0.1701
2005-03-10,-0.3401
2005-03-11,-0.2568
2005-03-14,-0.1712
2005-03-15,-0.0856
2005-03-16,0.1712
2005-03-17,0.0856
2005-03-18,0.4296
2005-03-21,0.0856
2005-03-22,0.2577
2005-03-23,0.0856
2005-03-28,0.1712
2005-03-29,0.1712
2005-03-30,0.1712
2005-03-31,0.2568
2005-04-01,0.3425
2005-04-04,0.3425
2005-04-05,-0.0856
2005-04-06,0.1718
2005-04-07,0.7785
2005-04-08,0.8651
2005-04-11,0.692
2005-04-12,0.6055
2005-04-13,0.7813
2005-04-14,1.2153
2005-04-15,1.0381
2005-04-18,0.5172
2005-04-19,0.2586
2005-04-20,0.1724
2005-04-21,0.2586
2005-04-22,0.2586
2005-04-25,0.2586
2005-04-26,0.2586
2005-04-27,0.2586
2005-04-28,0.431
2005-04-29,-0.0859
2005-05-02,0.0
2005-05-03,0.0
2005-05-04,0.0
2005-05-05,0.2586
2005-05-06,0.2586
2005-05-09,0.0
2005-05-10,0.173
2005-05-11,0.4325
2005-05-12,0.0
2005-05-13,-0.0862
2005-05-16,0.0865
2005-05-17,0.173
2005-05-18,0.2595
2005-05-19,0.6076
2005-05-20,0.2595
2005-05-23,0.2595
2005-05-24,0.434
2005-05-26,0.2595
2005-05-27,0.4325
2005-05-30,0.2595
2005-05-31,0.0865
2005-06-01,0.3472
2005-06-02,0.3472
2005-06-03,0.2595
2005-06-06,0.173
2005-06-07,0.173
2005-06-08,0.173
2005-06-09,-0.1724
2005-06-10,0.173
2005-06-13,-0.0865
2005-06-14,0.3472
2005-06-15,0.6969
2005-06-16,0.434
2005-06-17,0.8711
2005-06-21,0.4355
2005-06-22,-0.0871
2005-06-23,0.1742
2005-06-24,0.2604
2005-06-27,0.2604
2005-06-28,0.0
2005-06-29,-0.3448
2005-06-30,-0.346
2005-07-01,-0.0868
2005-07-04,-0.2604
2005-07-05,-0.519
2005-07-06,-0.1736
2005-07-07,-0.3472
2005-07-08,-0.1742
2005-07-11,0.4371
2005-07-12,-0.0868
2005-07-13,0.2613
2005-07-14,0.0871
2005-07-15,0.5245
2005-07-18,0.0
2005-07-19,0.3497
2005-07-20,0.3497
2005-07-21,0.2622
2005-07-22,0.2622
2005-07-25,0.4371
2005-07-26,0.3497
2005-07-27,0.4371
2005-07-28,-0.0871
2005-07-29,0.2622
2005-08-01,0.0
2005-08-02,-0.2622
2005-08-03,-0.2622
2005-08-04,-0.1748
2005-08-05,-0.2622
2005-08-08,-0.5226
2005-08-09,-0.4355
2005-08-10,-0.3484
2005-08-11,-0.3472
2005-08-12,-0.0868
2005-08-16,-0.519
2005-08-17,-0.346
2005-08-18,-0.6034
2005-08-19,-0.3436
2005-08-22,-0.3436
2005-08-23,-0.3436
2005-08-24,-0.1718
2005-08-25,-0.1718
2005-08-26,-0.0859
2005-08-29,0.0
2005-08-30,0.0
2005-08-31,0.0
2005-09-01,-0.3436
2005-09-02,-0.5155
2005-09-05,-0.8591
2005-09-06,-0.6014
2005-09-07,-0.6014
2005-09-08,-0.3448
2005-09-09,-0.1718
2005-09-12,-0.5137
2005-09-13,-0.4281
2005-09-14,-0.5137
2005-09-15,-0.5137
2005-09-16,-0.1718
2005-09-19,-0.0859
2005-09-20,0.0
2005-09-21,0.0
2005-09-22,0.0859
2005-09-23,0.0859
2005-09-26,0.0
2005-09-27,0.0
2005-09-28,0.0
2005-09-29,-0.0859
2005-09-30,-0.2577
2005-10-03,-0.3436
2005-10-04,-0.1718
2005-10-05,-0.2568
2005-10-06,-0.1706
2005-10-07,-0.8503
2005-10-11,-0.5952
2005-10-12,-0.7601
2005-10-13,-0.2517
2005-10-14,-0.755
2005-10-17,-0.2525
2005-10-18,0.0
2005-10-19,0.0842
2005-10-20,0.0839
2005-10-21,-0.4181
2005-10-24,-0.2517
2005-10-25,0.1678
2005-10-26,0.0
2005-10-27,0.2492
2005-10-28,0.1661
2005-10-31,-0.2492
2005-11-01,-0.1667
2005-11-02,-0.2508
2005-11-03,0.1678
2005-11-04,0.3356
2005-11-07,0.1678
2005-11-08,0.5051
2005-11-09,0.8446
2005-11-10,0.5892
2005-11-11,0.5051
2005-11-14,0.4209
2005-11-15,0.6757
2005-11-16,0.9322
2005-11-17,0.9322
2005-11-18,1.1905
2005-11-21,0.9354
2005-11-22,1.0204
2005-11-23,0.9322
2005-11-24,1.0169
2005-11-25,0.5892
2005-11-28,0.3344
2005-11-29,0.0
2005-11-30,0.2525
2005-12-01,0.4209
2005-12-02,0.0
2005-12-05,0.0836
2005-12-06,-0.5
2005-12-07,-0.0836
2005-12-09,-0.25
2005-12-12,-0.3322
2005-12-13,-0.3322
2005-12-14,0.4167
2005-12-15,0.1661
2005-12-16,-0.4098
2005-12-19,-0.3289
2005-12-20,0.165
2005-12-21,0.4125
2005-12-22,0.495
2005-12-23,0.8278
2005-12-26,0.8278
2005-12-27,1.6556
2005-12-28,0.7401
2005-12-29,0.495
2005-12-30,0.6601
2006-01-02,0.6601
2006-01-03,0.6579
2006-01-04,0.5757
2006-01-05,1.0691
2006-01-06,0.8197
2006-01-09,0.817
2006-01-10,0.5719
2006-01-11,0.8197
2006-01-12,1.0691
2006-01-13,1.2336
2006-01-16,1.0691
2006-01-17,1.0691
2006-01-18,0.9836
2006-01-19,1.0656
2006-01-20,1.1513
2006-01-23,0.9868
2006-01-24,1.0691
2006-01-25,1.1513
2006-01-26,0.9836
2006-01-27,0.7377
2006-01-30,0.4902
2006-01-31,0.4085
2006-02-01,0.5719
2006-02-02,0.1629
2006-02-03,0.2443
2006-02-06,0.6536
2006-02-07,0.3257
2006-02-08,0.0
2006-02-09,0.4886
2006-02-10,0.817
2006-02-13,0.57
2006-02-14,0.4886
2006-02-15,0.4886
2006-02-16,0.6515
2006-02-17,0.57
2006-02-20,0.4072
2006-02-21,0.4072
2006-02-22,0.57
2006-02-23,0.57
2006-02-24,0.1623
2006-02-27,0.3257
2006-02-28,0.1629
2006-03-01,0.0
2006-03-02,0.3257
2006-03-03,0.3257
2006-03-06,-0.0812
2006-03-07,-0.0812
2006-03-08,0.0812
2006-03-09,0.0
2006-03-10,0.0
2006-03-13,0.0
2006-03-14,0.1623
2006-03-15,0.4886
2006-03-16,0.6515
2006-03-17,0.6515
2006-03-20,0.57
2006-03-21,0.4886
2006-03-22,0.487
2006-03-23,0.5682
2006-03-27,0.5682
2006-03-28,0.487
2006-03-29,0.4058
2006-03-30,0.487
2006-03-31,0.4058
2006-04-03,0.3247
2006-04-04,0.3247
2006-04-05,0.487
2006-04-06,0.5682
2006-04-07,0.6494
2006-04-10,0.4058
2006-04-11,0.5682
2006-04-12,0.4058
2006-04-17,0.4058
2006-04-18,0.57
2006-04-19,0.4886
2006-04-20,0.9804
2006-04-21,0.817
2006-04-24,0.8197
2006-04-25,0.8224
2006-04-26,0.8224
2006-04-27,0.7401
2006-04-28,0.7401
2006-05-02,0.6579
2006-05-03,0.4112
2006-05-04,0.2467
2006-05-05,0.5757
2006-05-08,0.4112
2006-05-09,0.5757
2006-05-10,0.6579
2006-05-11,0.8224
2006-05-12,0.8224
2006-05-15,0.6579
2006-05-16,0.5757
2006-05-17,0.6557
2006-05-18,0.8197
2006-05-19,0.4085
2006-05-22,0.2443
2006-05-23,0.2443
2006-05-24,0.3247
2006-05-26,0.4886
2006-05-29,0.0
2006-05-30,0.5682
2006-05-31,0.1618
2006-06-01,0.4058
2006-06-02,0.487
2006-06-05,0.4058
2006-06-06,0.4058
2006-06-07,0.487
2006-06-08,0.5682
2006-06-09,0.5682
2006-06-12,0.5682
2006-06-13,0.6494
2006-06-14,0.6494
2006-06-15,0.6494
2006-06-16,0.6494
2006-06-20,0.487
2006-06-21,0.4058
2006-06-22,0.487
2006-06-23,0.6494
2006-06-26,0.6494
2006-06-27,0.4045
2006-06-28,0.4854
2006-06-29,0.4854
2006-06-30,0.6494
2006-07-03,0.3247
2006-07-04,0.3247
2006-07-05,0.1618
2006-07-06,0.3236
2006-07-07,0.3236
2006-07-10,0.0
2006-07-11,0.3236
2006-07-12,0.7305
2006-07-13,0.974
2006-07-14,0.974
2006-07-17,0.8929
2006-07-18,0.974
2006-07-19,0.974
2006-07-20,0.974
2006-07-21,0.8929
2006-07-24,0.7305
2006-07-25,0.7305
2006-07-26,0.7305
2006-07-27,0.8117
2006-07-28,0.8117
2006-07-31,1.1401
2006-08-01,0.8958
2006-08-02,0.8958
2006-08-03,1.0586
2006-08-04,0.9772
2006-08-07,0.8143
2006-08-08,0.8143
2006-08-09,0.8143
2006-08-10,0.8143
2006-08-11,0.7329
2006-08-14,0.7329
2006-08-15,0.6494
2006-08-16,0.5682
2006-08-17,0.5682
2006-08-18,0.487
2006-08-22,0.4058
2006-08-23,0.0
2006-08-24,0.0809
2006-08-25,0.2427
2006-08-28,0.0806
2006-08-29,0.3236
2006-08-30,0.3236
2006-08-31,0.0
2006-09-01,0.2427
2006-09-04,0.2427
2006-09-05,0.0
2006-09-06,0.1613
2006-09-07,0.1613
2006-09-08,0.0806
2006-09-11,0.0806
2006-09-12,-0.1608
2006-09-13,-0.0804
2006-09-14,0.5645
2006-09-15,0.4032
2006-09-18,0.4839
2006-09-19,0.4839
2006-09-20,0.6452
2006-09-21,0.8871
2006-09-22,0.8065
2006-09-25,0.8871
2006-09-26,0.6452
2006-09-27,0.6452
2006-09-28,0.7258
2006-09-29,0.6452
2006-10-02,0.5645
2006-10-03,0.5645
2006-10-04,0.4019
2006-10-05,0.7258
2006-10-06,0.3215
2006-10-09,0.4019
2006-10-10,0.4019
2006-10-11,0.4823
2006-10-12,0.5627
2006-10-13,0.8871
2006-10-17,0.7258
2006-10-18,0.5645
2006-10-19,0.9709
2006-10-20,1.1327
2006-10-23,1.0518
2006-10-24,1.0518
2006-10-25,1.2945
2006-10-26,1.2136
2006-10-27,1.0518
2006-10-30,0.6452
2006-10-31,0.7282
2006-11-01,0.4854
2006-11-02,0.7282
2006-11-03,0.8117
2006-11-07,0.0
2006-11-08,0.7329
2006-11-09,0.8958
2006-11-10,0.7329
2006-11-13,0.5682
2006-11-14,0.487
2006-11-15,0.8143
2006-11-16,0.8143
2006-11-17,0.8958
2006-11-20,0.8143
2006-11-21,0.487
2006-11-22,0.4058
2006-11-23,0.8958
2006-11-24,0.9772
2006-11-27,0.5682
2006-11-28,0.5682
2006-11-29,0.5682
2006-11-30,0.7329
2006-12-01,0.4886
2006-12-04,0.3268
2006-12-05,0.0817
2006-12-06,0.1634
2006-12-07,0.2451
2006-12-11,0.2451
2006-12-12,0.2451
2006-12-13,0.3268
2006-12-14,1.0621
2006-12-15,0.6536
2006-12-18,0.5719
2006-12-19,0.6536
2006-12-20,0.8197
2006-12-21,0.5738
2006-12-22,0.6557
2006-12-26,0.57
2006-12-27,0.4058
2006-12-28,0.6515
2006-12-29,0.6515
2007-01-02,0.8987
2007-01-03,0.8987
2007-01-04,0.8958
2007-01-05,0.6494
2007-01-08,0.5682
2007-01-09,0.5682
2007-01-10,0.6494
2007-01-11,0.7305
2007-01-12,0.7305
2007-01-15,0.8117
2007-01-16,0.8117
2007-01-17,0.8117
2007-01-18,0.974
2007-01-19,0.8929
2007-01-22,0.7282
2007-01-23,0.4032
2007-01-24,0.4839
2007-01-25,0.9709
2007-01-26,0.8065
2007-01-29,0.1608
2007-01-30,0.4019
2007-01-31,0.4019
2007-02-01,0.6452
2007-02-02,0.6452
2007-02-05,0.8065
2007-02-06,0.7258
2007-02-07,0.6452
2007-02-08,0.4839
2007-02-09,0.4032
2007-02-12,-0.0804
2007-02-13,0.3226
2007-02-14,0.2419
2007-02-15,0.4839
2007-02-16,0.4032
2007-02-19,0.4839
2007-02-20,0.6452
2007-02-21,0.8065
2007-02-22,0.7258
2007-02-23,0.6452
2007-02-26,0.6452
2007-02-27,0.6452
2007-02-28,0.4032
2007-03-01,0.3226
2007-03-02,0.4032
2007-03-05,0.4032
2007-03-06,0.6452
2007-03-07,0.5645
2007-03-08,0.7258
2007-03-09,0.8065
2007-03-12,0.5645
2007-03-13,0.4839
2007-03-14,0.4839
2007-03-15,0.8065
2007-03-16,0.6452
2007-03-19,0.5645
2007-03-20,0.5645
2007-03-21,0.5645
2007-03-22,0.7258
2007-03-23,0.7258
2007-03-26,0.7258
2007-03-27,0.7235
2007-03-28,0.8039
2007-03-29,0.8871
2007-03-30,0.6452
2007-04-03,0.3226
2007-04-04,0.2419
2007-04-09,0.2419
2007-04-10,0.8091
2007-04-11,0.8091
2007-04-12,0.9709
2007-04-13,1.0518
2007-04-16,1.2136
2007-04-17,1.3799
2007-04-18,1.3799
2007-04-19,1.2136
2007-04-20,1.1327
2007-04-23,0.9709
2007-04-24,1.2987
2007-04-25,1.3799
2007-04-26,0.9709
2007-04-27,0.9709
2007-04-30,0.9709
2007-05-02,1.2175
2007-05-03,0.89
2007-05-04,1.1364
2007-05-07,1.0552
2007-05-08,1.1364
2007-05-09,1.1364
2007-05-10,1.1364
2007-05-11,1.1364
2007-05-14,1.3799
2007-05-15,1.6287
2007-05-16,1.2175
2007-05-17,1.2175
2007-05-18,1.2987
2007-05-21,1.1364
2007-05-22,1.3844
2007-05-23,1.0552
2007-05-24,1.0552
2007-05-28,1.0552
2007-05-29,0.974
2007-05-30,0.8929
2007-05-31,0.974
2007-06-01,1.2215
2007-06-04,1.1401
2007-06-05,0.9772
2007-06-06,0.5682
2007-06-07,0.5682
2007-06-08,0.5682
2007-06-11,0.8958
2007-06-12,0.5682
2007-06-13,0.5682
2007-06-14,0.8958
2007-06-15,0.8958
2007-06-19,0.9772
2007-06-20,0.5682
2007-06-21,0.7305
2007-06-22,0.7305
2007-06-25,0.7305
2007-06-26,0.5663
2007-06-27,0.8091
2007-06-28,0.4854
2007-06-29,0.4854
2007-07-02,0.4045
2007-07-03,0.4045
2007-07-04,0.6472
2007-07-05,0.6452
2007-07-06,0.6452
2007-07-10,0.1608
2007-07-11,0.4839
2007-07-12,0.6452
2007-07-13,0.7258
2007-07-16,0.8065
2007-07-17,1.129
2007-07-18,1.2903
2007-07-19,1.371
2007-07-20,1.1254
2007-07-23,1.0417
2007-07-24,1.3535
2007-07-25,1.1041
2007-07-26,1.0317
2007-07-27,1.7628
2007-07-30,1.8429
2007-07-31,1.6827
2007-08-01,1.5176
2007-08-02,1.6773
2007-08-03,1.4331
2007-08-06,1.4331
2007-08-07,1.4331
2007-08-08,1.3535
2007-08-09,1.7516
2007-08-10,1.4286
2007-08-13,1.4331
2007-08-14,1.4286
2007-08-15,1.8254
2007-08-16,1.6562
2007-08-17,1.746
2007-08-21,1.1867
2007-08-22,1.5032
2007-08-23,1.8927
2007-08-24,1.8139
2007-08-27,1.8139
2007-08-28,1.8139
2007-08-29,2.4525
2007-08-30,2.2943
2007-08-31,1.8987
2007-09-03,1.7405
2007-09-04,1.8987
2007-09-05,1.4984
2007-09-06,1.7405
2007-09-07,1.7405
2007-09-10,1.4241
2007-09-11,1.746
2007-09-12,2.2293
2007-09-13,2.3962
2007-09-14,2.1565
2007-09-17,1.672
2007-09-18,1.8312
2007-09-19,2.1565
2007-09-20,2.2364
2007-09-21,1.672
2007-09-24,1.1905
2007-09-25,1.4286
2007-09-26,1.4286
2007-09-27,1.5079
2007-09-28,1.4286
2007-10-01,1.1905
2007-10-02,1.1905
2007-10-03,1.4286
2007-10-04,1.5079
2007-10-05,1.0285
2007-10-08,0.9494
2007-10-09,1.1867
2007-10-10,1.2658
2007-10-11,1.2658
2007-10-12,1.4241
2007-10-16,1.3449
2007-10-17,1.5032
2007-10-18,2.057
2007-10-19,1.5032
2007-10-22,1.2618
2007-10-23,1.5773
2007-10-24,1.5723
2007-10-25,1.4151
2007-10-26,1.4196
2007-10-29,1.1867
2007-10-30,1.3492
2007-10-31,1.3492
2007-11-01,1.4331
2007-11-02,1.278
2007-11-05,1.1182
2007-11-07,1.0383
2007-11-08,1.2019
2007-11-09,1.1182
2007-11-12,0.8786
2007-11-13,1.0383
2007-11-14,1.0383
2007-11-15,0.8786
2007-11-16,0.7987
2007-11-19,0.7188
2007-11-20,0.8786
2007-11-21,0.7166
2007-11-22,0.8758
2007-11-23,0.9554
2007-11-26,0.7962
2007-11-27,0.6349
2007-11-28,0.5556
2007-11-29,0.3968
2007-11-30,0.5573
2007-12-03,0.3185
2007-12-04,0.4777
2007-12-05,0.8786
2007-12-06,0.7987
2007-12-07,0.7188
2007-12-10,0.3981
2007-12-11,0.2389
2007-12-12,0.2389
2007-12-13,0.7962
2007-12-14,0.8758
2007-12-17,0.7962
2007-12-18,0.6369
2007-12-19,0.6369
2007-12-20,0.9585
2007-12-21,0.4777
2007-12-26,0.8758
2007-12-27,0.7143
2007-12-28,0.7143
2008-01-02,0.4762
2008-01-03,1.035
2008-01-04,1.035
2008-01-07,1.1146
2008-01-08,1.4377
2008-01-09,1.3578
2008-01-10,1.3578
2008-01-11,1.278
2008-01-14,1.4377
2008-01-15,1.035
2008-01-16,1.035
2008-01-17,0.9524
2008-01-18,0.9524
2008-01-21,0.7911
2008-01-22,0.7911
2008-01-23,0.8703
2008-01-24,1.1111
2008-01-25,0.9524
2008-01-28,1.1111
2008-01-29,0.9524
2008-01-30,0.7143
2008-01-31,0.3956
2008-02-01,0.6349
2008-02-04,0.6349
2008-02-05,0.3956
2008-02-06,0.3155
2008-02-07,0.1577
2008-02-08,0.0
2008-02-11,-0.0789
2008-02-12,0.3956
2008-02-13,0.6329
2008-02-14,0.873
2008-02-15,0.873
2008-02-18,0.7937
2008-02-19,0.7937
2008-02-20,1.0317
2008-02-21,1.0317
2008-02-22,0.873
2008-02-25,0.4747
2008-02-26,0.5538
2008-02-27,0.7911
2008-02-28,0.8703
2008-02-29,0.7911
2008-03-03,0.4747
2008-03-04,0.3956
2008-03-05,0.873
2008-03-06,0.7937
2008-03-07,0.7143
2008-03-10,0.3956
2008-03-11,0.7143
2008-03-12,0.7143
2008-03-13,0.9524
2008-03-14,1.4331
2008-03-17,1.1111
2008-03-18,1.1111
2008-03-19,0.7937
2008-03-25,0.5538
2008-03-26,0.7098
2008-03-27,0.8675
2008-03-28,0.7911
2008-03-31,0.5521
2008-04-01,0.5521
2008-04-03,0.7911
2008-04-04,0.7911
2008-04-07,0.712
2008-04-08,0.712
2008-04-09,0.7911
2008-04-10,1.1867
2008-04-11,1.2698
2008-04-14,1.0317
2008-04-15,0.9494
2008-04-16,1.1867
2008-04-17,1.735
2008-04-18,1.183
2008-04-21,1.4196
2008-04-22,1.5723
2008-04-23,2.044
2008-04-24,2.2013
2008-04-25,2.2799
2008-04-28,1.9716
2008-04-29,1.9716
2008-04-30,2.2943
2008-05-02,1.8139
2008-05-05,1.735
2008-05-06,1.6509
2008-05-07,2.044
2008-05-08,2.3585
2008-05-09,2.8302
2008-05-12,2.9874
2008-05-13,3.2334
2008-05-14,3.2437
2008-05-15,3.0063
2008-05-16,2.4525
2008-05-19,2.3885
2008-05-20,2.3089
2008-05-21,2.6358
2008-05-22,2.9553
2008-05-23,2.707
2008-05-26,2.3885
2008-05-27,2.5559
2008-05-28,2.5641
2008-05-29,2.7331
2008-05-30,2.6613
2008-06-02,2.1036
2008-06-03,2.6059
2008-06-04,3.3497
2008-06-05,3.0229
2008-06-06,3.1046
2008-06-09,2.9412
2008-06-10,2.6961
2008-06-11,2.2059
2008-06-12,2.623
2008-06-13,2.377
2008-06-17,3.2178
2008-06-18,2.9703
2008-06-19,2.6403
2008-06-20,2.649
2008-06-23,1.9868
2008-06-24,1.7442
2008-06-25,1.9868
2008-06-26,2.2351
2008-06-27,2.1523
2008-06-30,1.3245
2008-07-01,0.8278
2008-07-02,1.3245
2008-07-03,1.1551
2008-07-04,0.7426
2008-07-07,1.0762
2008-07-08,1.5781
2008-07-10,1.4901
2008-07-11,1.904
2008-07-14,1.4851
2008-07-15,1.4901
2008-07-16,1.8152
2008-07-17,1.9868
2008-07-18,1.9868
2008-07-21,1.8212
2008-07-22,1.3201
2008-07-23,1.4073
2008-07-24,1.5728
2008-07-25,1.6556
2008-07-28,1.6556
2008-07-29,1.5728
2008-07-30,0.9901
2008-07-31,1.2376
2008-08-01,0.6579
2008-08-04,0.5757
2008-08-05,0.6579
2008-08-06,0.7401
2008-08-07,0.4918
2008-08-08,0.9016
2008-08-11,0.9868
2008-08-12,1.5677
2008-08-13,1.3158
2008-08-14,1.7327
2008-08-15,1.4026
2008-08-19,1.1551
2008-08-20,1.1551
2008-08-21,1.4026
2008-08-22,1.6556
2008-08-25,1.6556
2008-08-26,1.3201
2008-08-27,1.3201
2008-08-28,1.3201
2008-08-29,1.1551
2008-09-01,0.9076
2008-09-02,1.0726
2008-09-03,0.7377
2008-09-04,1.1513
2008-09-05,1.0691
2008-09-08,1.0691
2008-09-09,1.0656
2008-09-10,1.9544
2008-09-11,1.0518
2008-09-12,1.3799
2008-09-15,1.699
2008-09-16,2.5081
2008-09-17,2.4194
2008-09-18,2.8939
2008-09-19,1.6077
2008-09-22,1.045
2008-09-23,1.6129
2008-09-24,1.8548
2008-09-25,1.3666
2008-09-26,0.8814
2008-09-29,0.7212
2008-09-30,0.7987
2008-10-01,0.6369
2008-10-02,1.035
2008-10-03,0.4747
2008-10-06,1.3281
2008-10-07,3.4268
2008-10-08,2.4845
2008-10-09,3.096
2008-10-10,3.3742
2008-10-14,1.4019
2008-10-15,2.8125
2008-10-16,3.9063
2008-10-17,3.271
2008-10-20,2.0186
2008-10-21,2.4845
2008-10-22,2.4845
2008-10-23,3.5494
2008-10-24,5.3681
2008-10-27,3.1915
2008-10-28,4.2296
2008-10-29,2.6627
2008-10-30,3.4226
2008-10-31,2.9586
2008-11-03,1.4793
2008-11-04,0.2967
2008-11-05,2.8788
2008-11-07,1.0574
2008-11-10,0.6061
2008-11-11,0.9091
2008-11-12,2.4242
2008-11-13,2.2659
2008-11-14,1.8127
2008-11-17,1.2801
2008-11-18,1.506
2008-11-19,1.3514
2008-11-20,1.5015
2008-11-21,1.4264
2008-11-24,1.1228
2008-11-25,1.1976
2008-11-26,1.3433
2008-11-27,1.4881
2008-11-28,1.3353
2008-12-01,0.8136
2008-12-02,1.0324
2008-12-03,2.0588
2008-12-04,2.0408
2008-12-05,1.5942
2008-12-09,1.6715
2008-12-10,1.3158
2008-12-11,1.9062
2008-12-12,1.5351
2008-12-15,1.2391
2008-12-16,1.5351
2008-12-17,1.9118
2008-12-18,1.8328
2008-12-19,1.7595
2008-12-22,1.1696
2008-12-23,0.5831
2008-12-24,0.436
2008-12-26,1.5988
2008-12-29,2.3256
2008-12-30,2.6087
2008-12-31,2.6087
2009-01-02,2.5362
2009-01-05,1.5896
2009-01-06,2.6087
2009-01-07,2.6734
2009-01-08,2.6087
2009-01-09,2.4638
2009-01-12,2.029
2009-01-13,2.029
2009-01-14,2.3913
2009-01-15,2.4638
2009-01-16,2.1739
2009-01-19,1.5173
2009-01-20,1.5896
2009-01-21,1.1527
2009-01-22,1.4409
2009-01-23,1.1494
2009-01-26,1.2931
2009-01-27,1.5086
2009-01-28,1.5759
2009-01-29,1.7908
2009-01-30,1.5759
2009-02-02,1.1461
2009-02-03,1.0
2009-02-04,1.3571
2009-02-05,1.8625
2009-02-06,1.6476
2009-02-09,1.7192
2009-02-10,1.4327
2009-02-11,1.2894
2009-02-12,1.6476
2009-02-13,1.5759
2009-02-16,1.1429
2009-02-17,1.3571
2009-02-18,1.567
2009-02-19,2.5568
2009-02-20,2.4011
2009-02-23,3.178
2009-02-24,3.5211
2009-02-25,3.662
2009-02-26,2.4579
2009-02-27,2.2472
2009-03-02,2.0891
2009-03-03,2.4238
2009-03-04,3.2548
2009-03-05,2.9006
2009-03-06,2.4793
2009-03-09,2.1978
2009-03-10,2.1978
2009-03-11,2.4038
2009-03-12,2.3973
2009-03-13,2.3288
2009-03-16,2.3288
2009-03-17,2.3288
2009-03-18,2.6712
2009-03-19,2.3224
2009-03-20,2.8082
2009-03-23,2.6567
2009-03-25,2.0325
2009-03-26,2.6423
2009-03-27,2.8976
2009-03-30,2.621
2009-03-31,2.2237
2009-04-01,1.4785
2009-04-03,1.3514
2009-04-06,0.6114
2009-04-07,1.0899
2009-04-08,1.087
2009-04-13,0.4076
2009-04-14,0.9511
2009-04-15,1.1549
2009-04-16,1.3587
2009-04-17,1.4946
2009-04-20,0.9485
2009-04-21,1.0163
2009-04-22,1.1486
2009-04-23,1.1486
2009-04-24,1.2162
2009-04-27,1.0811
2009-04-28,0.9434
2009-04-29,0.7392
2009-04-30,0.6048
2009-05-04,1.2195
2009-05-05,1.084
2009-05-06,0.9459
2009-05-07,0.672
2009-05-08,0.7392
2009-05-11,0.8065
2009-05-12,1.0081
2009-05-13,1.3441
2009-05-14,1.4745
2009-05-15,1.2064
2009-05-18,1.0724
2009-05-19,1.6086
2009-05-20,1.8097
2009-05-21,1.8767
2009-05-22,1.738
2009-05-26,1.5374
2009-05-27,1.2032
2009-05-28,1.6711
2009-05-29,1.6667
2009-06-01,1.5333
2009-06-02,1.738
2009-06-03,1.738
2009-06-04,1.8717
2009-06-05,1.5333
2009-06-08,1.2633
2009-06-09,1.3298
2009-06-10,1.5293
2009-06-11,2.0612
2009-06-12,2.2606
2009-06-16,1.9231
2009-06-17,1.9894
2009-06-18,2.3873
2009-06-19,3.0504
2009-06-22,3.1085
2009-06-23,2.9024
2009-06-24,2.5726
2009-06-25,2.3684
2009-06-26,2.3026
2009-06-29,1.3193
2009-06-30,0.9868
2009-07-01,1.1842
2009-07-02,1.5789
2009-07-03,1.1842
2009-07-06,0.5249
2009-07-07,0.9211
2009-07-08,0.853
2009-07-13,0.6562
2009-07-14,0.853
2009-07-15,1.3123
2009-07-16,1.7717
2009-07-17,1.8373
2009-07-20,1.4436
2009-07-21,1.706
2009-07-22,1.9029
2009-07-23,1.9685
2009-07-24,1.9685
2009-07-27,1.706
2009-07-28,1.378
2009-07-29,1.178
2009-07-30,1.1749
2009-07-31,1.0444
2009-08-03,0.9138
2009-08-04,1.1126
2009-08-05,0.9817
2009-08-06,0.6545
2009-08-07,0.4569
2009-08-10,0.3264
2009-08-11,0.3916
2009-08-12,0.5875
2009-08-13,0.651
2009-08-14,0.5859
2009-08-18,0.651
2009-08-19,0.7792
2009-08-20,0.9091
2009-08-21,0.8442
2009-08-24,0.5844
2009-08-25,0.2597
2009-08-26,0.3247
2009-08-27,0.2597
2009-08-28,0.1948
2009-08-31,-0.1299
2009-09-01,0.0649
2009-09-02,0.2597
2009-09-03,0.4545
2009-09-04,-0.0649
2009-09-07,-0.1948
2009-09-08,-0.1948
2009-09-09,-0.1948
2009-09-10,0.3247
2009-09-11,0.3247
2009-09-14,0.1948
2009-09-15,0.3916
2009-09-16,0.4569
2009-09-17,0.718
2009-09-18,0.4557
2009-09-21,0.4557
2009-09-22,0.718
2009-09-23,0.7161
2009-09-24,0.7161
2009-09-25,0.7161
2009-09-28,0.4557
2009-09-29,0.3255
2009-09-30,0.0651
2009-10-01,0.0651
2009-10-02,-0.1948
2009-10-05,-0.1302
2009-10-06,-0.1305
2009-10-07,0.1305
2009-10-08,0.1958
2009-10-09,-0.0653
2009-10-13,0.1963
2009-10-14,0.1309
2009-10-15,0.0654
2009-10-16,0.2618
2009-10-19,0.1309
2009-10-20,0.1309
2009-10-21,0.589
2009-10-22,0.589
2009-10-23,0.3272
2009-10-26,0.2618
2009-10-27,0.2618
2009-10-28,0.3927
2009-10-29,0.3272
2009-10-30,0.0
2009-11-02,-0.2618
2009-11-03,-0.3927
2009-11-04,-0.3927
2009-11-05,-0.6545
2009-11-09,-0.7199
2009-11-10,-0.6545
2009-11-11,-0.1969
2009-11-12,0.0
2009-11-13,0.1969
2009-11-16,0.2625
2009-11-17,0.2618
2009-11-18,0.7874
2009-11-19,0.7874
2009-11-20,0.6579
2009-11-23,0.5263
2009-11-24,0.5263
2009-11-25,0.5263
2009-11-26,0.2625
2009-11-27,0.1969
2009-11-30,-0.1969
2009-12-01,-0.1969
2009-12-02,0.0
2009-12-03,0.0
2009-12-04,-0.1312
2009-12-07,-0.1969
2009-12-09,0.0658
2009-12-10,0.1316
2009-12-11,0.1316
2009-12-14,0.1312
2009-12-15,0.3272
2009-12-16,1.0499
2009-12-17,0.9843
2009-12-18,0.3927
2009-12-21,0.5906
2009-12-22,0.853
2009-12-23,0.9868
2009-12-24,1.2533
2009-12-28,1.5172
2009-12-29,1.178
2009-12-30,1.1126
2009-12-31,1.5789
2010-01-04,1.5789
2010-01-05,1.5789
2010-01-06,1.706
2010-01-07,1.7763
2010-01-08,1.9079
2010-01-11,1.8421
2010-01-12,2.1108
2010-01-13,2.2368
2010-01-14,2.3684
2010-01-15,2.2368
2010-01-18,1.7763
2010-01-19,2.0395
2010-01-20,2.0395
2010-01-21,1.7717
2010-01-22,1.7717
2010-01-25,1.706
2010-01-26,2.0341
2010-01-27,2.0942
2010-01-28,1.8325
2010-01-29,1.5707
2010-02-01,1.237
2010-02-02,1.9582
2010-02-03,2.0888
2010-02-04,2.0833
2010-02-05,1.8229
2010-02-08,1.5625
2010-02-09,1.7578
2010-02-10,1.9481
2010-02-11,2.0779
2010-02-12,2.2078
2010-02-15,1.943
2010-02-16,2.1373
2010-02-17,2.2021
2010-02-18,2.3316
2010-02-19,2.0725
2010-02-22,1.6839
2010-02-23,1.4212
2010-02-24,1.8782
2010-02-25,1.8135
2010-02-26,1.6839
2010-03-01,1.0363
2010-03-02,1.1658
2010-03-03,1.5584
2010-03-04,1.2953
2010-03-05,1.2306
2010-03-08,1.0363
2010-03-09,1.0363
2010-03-10,1.2953
2010-03-11,1.3601
2010-03-12,1.2306
2010-03-15,1.2306
2010-03-16,1.2306
2010-03-17,1.2953
2010-03-18,1.1658
2010-03-19,1.101
2010-03-22,1.0363
2010-03-23,1.0363
2010-03-25,0.7752
2010-03-26,0.646
2010-03-29,0.7106
2010-03-30,0.5814
2010-03-31,0.1289
2010-04-05,-0.2577
2010-04-06,-0.1933
2010-04-07,0.3866
2010-04-08,0.3866
2010-04-09,0.4522
2010-04-12,0.1289
2010-04-13,0.3866
2010-04-14,1.0954
2010-04-15,1.2274
2010-04-16,1.292
2010-04-19,1.292
2010-04-20,1.1628
2010-04-21,1.1628
2010-04-22,1.1628
2010-04-23,1.292
2010-04-26,1.1628
2010-04-27,0.9021
2010-04-28,0.8376
2010-04-29,0.9665
2010-04-30,0.7069
2010-05-03,0.5784
2010-05-04,0.5784
2010-05-05,0.3846
2010-05-06,0.7051
2010-05-07,0.641
2010-05-10,0.8355
2010-05-11,0.7692
2010-05-12,0.8974
2010-05-13,1.1538
2010-05-14,1.1538
2010-05-17,0.9615
2010-05-18,0.7673
2010-05-19,1.1509
2010-05-20,1.4066
2010-05-21,1.3427
2010-05-26,1.1509
2010-05-27,1.2148
2010-05-28,1.2788
2010-05-31,0.8906
2010-06-01,1.2087
2010-06-02,1.6539
2010-06-03,1.977
2010-06-04,2.0408
2010-06-07,1.5267
2010-06-08,2.1046
2010-06-09,2.2959
2010-06-10,3.0612
2010-06-11,2.2959
2010-06-14,1.7812
2010-06-15,2.3537
2010-06-16,2.2901
2010-06-17,2.5445
2010-06-18,2.4809
2010-06-22,2.2265
2010-06-23,2.2265
2010-06-24,2.4173
2010-06-25,2.2265
2010-06-28,1.8448
2010-06-29,1.8448
2010-06-30,1.972
2010-07-01,1.972
2010-07-02,1.9084
2010-07-05,1.3959
2010-07-06,1.3995
2010-07-07,1.0152
2010-07-08,1.0152
2010-07-12,1.0787
2010-07-13,1.6497
2010-07-14,1.8448
2010-07-15,1.9084
2010-07-16,1.7766
2010-07-19,2.0992
2010-07-20,1.7766
2010-07-21,2.0356
2010-07-22,2.2265
2010-07-23,2.2265
2010-07-26,2.2901
2010-07-27,2.4173
2010-07-28,2.5445
2010-07-29,2.2843
2010-07-30,2.2208
2010-08-02,1.967
2010-08-03,1.9036
2010-08-04,1.9084
2010-08-05,2.1628
2010-08-06,1.5903
2010-08-09,1.6539
2010-08-10,1.6539
2010-08-11,1.7812
2010-08-12,2.0356
2010-08-13,2.1628
2010-08-17,1.972
2010-08-18,1.9084
2010-08-19,1.6497
2010-08-20,1.5863
2010-08-23,1.5863
2010-08-24,1.967
2010-08-25,1.8987
2010-08-26,2.1574
2010-08-27,1.967
2010-08-30,1.7132
2010-08-31,1.4557
2010-09-01,1.3291
2010-09-02,1.3924
2010-09-03,1.5863
2010-09-06,1.1392
2010-09-07,0.8861
2010-09-08,1.0127
2010-09-09,1.3924
2010-09-10,1.2658
2010-09-13,1.1392
2010-09-14,1.3924
2010-09-15,1.4557
2010-09-16,1.4557
2010-09-17,1.519
2010-09-20,1.3924
2010-09-21,1.519
2010-09-22,1.6456
2010-09-23,1.962
2010-09-24,1.7045
2010-09-27,1.5152
2010-09-28,1.3854
2010-09-29,1.5743
2010-09-30,1.7677
2010-10-01,1.7045
2010-10-04,1.5783
2010-10-05,1.3889
2010-10-06,1.3889
2010-10-07,1.1995
2010-10-08,1.0101
2010-10-12,1.0732
2010-10-13,1.6456
2010-10-14,1.8354
2010-10-15,1.8987
2010-10-18,1.6414
2010-10-19,1.8308
2010-10-20,2.0833
2010-10-21,2.0833
2010-10-22,2.0202
2010-10-25,1.9571
2010-10-26,1.8939
2010-10-28,2.0202
2010-10-29,1.8939
2010-11-01,1.7677
2010-11-02,1.9571
2010-11-03,1.8939
2010-11-04,1.8939
2010-11-05,1.5783
2010-11-08,1.3889
2010-11-09,1.3889
2010-11-10,1.6414
2010-11-11,2.0202
2010-11-12,1.8939
2010-11-15,1.3854
2010-11-16,1.7003
2010-11-17,1.7588
2010-11-18,2.1411
2010-11-19,2.1411
2010-11-23,2.0151
2010-11-24,2.3929
2010-11-25,2.5189
2010-11-26,2.1357
2010-11-29,2.0101
2010-11-30,2.1357
2010-12-01,1.817
2010-12-02,2.3241
2010-12-03,2.0729
2010-12-06,1.5075
2010-12-07,1.5075
2010-12-09,1.3819
2010-12-10,1.5704
2010-12-13,1.8892
2010-12-14,2.0781
2010-12-15,2.4559
2010-12-16,2.1985
2010-12-17,2.3869
2010-12-20,2.3929
2010-12-21,2.5819
2010-12-22,2.6448
2010-12-23,2.6382
2010-12-27,2.7638
2010-12-28,2.9449
2010-12-29,3.392
2010-12-30,3.2035
2011-01-03,3.5264
2011-01-04,3.7783
2011-01-05,4.2191
2011-01-06,4.2191
2011-01-07,3.7783
2011-01-10,3.3291
2011-01-11,3.7688
2011-01-12,3.7688
2011-01-13,3.8945
2011-01-14,3.8945
2011-01-17,3.7688
2011-01-18,4.1457
2011-01-19,4.2085
2011-01-20,4.2714
2011-01-21,4.1457
2011-01-24,4.0829
2011-01-25,3.8221
2011-01-26,3.9474
2011-01-27,4.01
2011-01-28,3.75
2011-01-31,3.375
2011-02-01,3.0549
2011-02-02,2.6808
2011-02-03,2.6185
2011-02-04,2.4254
2011-02-07,2.4254
2011-02-08,2.8607
2011-02-09,2.8607
2011-02-10,2.9229
2011-02-11,3.1095
2011-02-14,3.0473
2011-02-15,3.4204
2011-02-16,3.6692
2011-02-17,3.9179
2011-02-18,3.9179
2011-02-21,3.2878
2011-02-22,3.2878
2011-02-23,3.3499
2011-02-24,3.536
2011-02-25,3.3499
2011-02-28,3.0397
2011-03-01,3.0397
2011-03-02,2.9156
2011-03-03,2.7916
2011-03-04,2.5434
2011-03-09,2.1092
2011-03-10,2.0471
2011-03-11,2.7916
2011-03-14,2.7295
2011-03-15,3.2878
2011-03-16,3.0941
2011-03-17,3.0322
2011-03-18,2.8465
2011-03-21,3.0322
2011-03-22,2.9084
2011-03-23,3.0941
2011-03-28,3.0941
2011-03-29,2.8395
2011-03-30,2.716
2011-03-31,2.6543
2011-04-01,2.5926
2011-04-04,2.6543
2011-04-05,2.6543
2011-04-06,2.716
2011-04-07,2.716
2011-04-08,2.716
2011-04-11,2.7778
2011-04-12,3.0247
2011-04-13,2.9557
2011-04-14,3.2555
2011-04-15,3.2555
2011-04-18,3.2555
2011-04-19,3.3088
2011-04-20,3.4926
2011-04-25,4.1054
2011-04-26,4.7794
2011-04-27,5.0245
2011-04-28,6.0049
2011-04-29,5.5147
2011-05-02,4.5343
2011-05-03,5.0245
2011-05-04,4.7181
2011-05-05,4.6569
2011-05-06,4.5956
2011-05-09,4.5956
2011-05-10,4.7794
2011-05-11,4.9632
2011-05-12,5.0245
2011-05-13,5.0858
2011-05-16,5.2083
2011-05-17,5.5012
2011-05-18,5.6235
2011-05-19,5.9291
2011-05-20,5.9291
2011-05-23,6.1125
2011-05-24,6.357
2011-05-26,6.1736
2011-05-27,6.1736
2011-05-30,5.7457
2011-05-31,5.0733
2011-06-01,5.2567
2011-06-02,5.0122
2011-06-03,4.7066
2011-06-06,4.3399
2011-06-07,4.2176
2011-06-08,4.5232
2011-06-09,4.2176
2011-06-10,4.1565
2011-06-13,4.2176
2011-06-14,4.8289
2011-06-15,5.3178
2011-06-16,5.379
2011-06-17,5.1345
2011-06-21,4.6951
2011-06-22,4.8171
2011-06-23,4.878
2011-06-24,4.878
2011-06-27,4.6341
2011-06-28,4.6341
2011-06-29,4.3796
2011-06-30,3.9538
2011-07-01,4.0146
2011-07-04,3.8321
2011-07-05,3.3981
2011-07-06,3.6408
2011-07-07,3.4587
2011-07-08,3.4587
2011-07-11,3.3981
2011-07-12,3.6408
2011-07-13,3.8835
2011-07-14,4.0049
2011-07-15,4.1869
2011-07-18,3.8741
2011-07-19,4.4189
2011-07-20,4.2271
2011-07-21,4.2874
2011-07-22,4.3478
2011-07-25,4.4686
2011-07-26,4.8913
2011-07-27,5.0121
2011-07-28,4.8309
2011-07-29,4.8309
2011-08-01,4.1566
2011-08-02,4.2169
2011-08-03,4.2771
2011-08-04,4.0964
2011-08-05,4.0964
2011-08-08,3.4856
2011-08-09,4.3269
2011-08-10,4.6274
2011-08-11,4.4471
2011-08-12,4.5673
2011-08-15,4.2067
2011-08-16,4.6274
2011-08-17,4.5564
2011-08-18,4.8561
2011-08-19,4.5455
2011-08-23,4.4856
2011-08-24,4.7733
2011-08-25,5.5489
2011-08-26,5.9069
2011-08-29,6.0263
2011-08-30,6.0263
2011-08-31,5.4762
2011-09-01,4.8694
2011-09-02,4.9171
2011-09-05,4.9287
2011-09-06,4.9287
2011-09-07,5.1663
2011-09-08,5.1663
2011-09-09,5.4762
2011-09-12,5.5357
2011-09-13,5.5952
2011-09-14,5.5952
2011-09-15,5.7143
2011-09-16,5.7143
2011-09-19,5.7738
2011-09-20,5.7738
2011-09-21,5.9069
2011-09-22,5.8929
2011-09-23,6.7857
2011-09-26,6.4881
2011-09-27,5.9524
2011-09-28,6.0119
2011-09-29,5.5357
2011-09-30,5.5357
2011-10-03,5.2976
2011-10-04,5.6548
2011-10-05,5.285
2011-10-06,4.6318
2011-10-07,4.4537
2011-10-11,4.3349
2011-10-12,3.9786
2011-10-13,5.1069
2011-10-14,5.1663
2011-10-17,4.5616
2011-10-18,4.6801
2011-10-19,5.26
2011-10-20,5.6147
2011-10-21,5.6738
2011-10-24,5.1887
2011-10-25,5.3066
2011-10-26,5.5425
2011-10-27,6.0142
2011-10-28,5.8373
2011-10-31,5.8373
2011-11-01,8.9623
2011-11-02,10.3529
2011-11-03,10.1176
2011-11-04,9.8824
2011-11-07,9.7418
2011-11-08,11.5023
2011-11-09,14.3192
2011-11-10,17.2535
2011-11-11,17.0188
2011-11-14,12.178
2011-11-15,12.178
2011-11-16,12.4413
2011-11-17,12.4413
2011-11-18,12.4413
2011-11-21,12.4413
2011-11-22,12.4413
2011-11-23,12.4413
2011-11-24,12.4413
2011-11-25,12.4413
2011-11-29,12.178
2011-11-30,11.9159
2011-12-01,11.9159
2011-12-02,11.9159
2011-12-05,11.655
2011-12-06,11.9159
2011-12-07,11.9159
2011-12-12,11.9159
2011-12-13,11.9159
2011-12-14,7.7103
2011-12-15,7.9439
2011-12-16,7.4592
2011-12-19,8.1585
2011-12-20,7.9254
2011-12-21,7.9254
2011-12-22,8.3916
2011-12-23,8.8578
2011-12-27,9.5349
2011-12-28,10.2326
2011-12-29,10.1163
2012-01-03,10.0928
2012-01-04,11.1628
2012-01-05,11.1369
2012-01-06,10.7639
2012-01-09,10.8796
2012-01-10,11.1369
2012-01-11,11.3689
2012-01-12,11.3689
2012-01-13,11.4849
2012-01-16,11.4849
2012-01-17,11.3426
2012-01-18,11.6898
2012-01-19,11.9213
2012-01-20,11.9213
2012-01-23,11.7783
2012-01-24,11.7783
2012-01-25,11.5207
2012-01-26,11.6359
2012-01-27,11.4055
2012-01-30,10.97
2012-01-31,10.3687
2012-02-01,10.023
2012-02-02,10.2771
2012-02-03,10.2771
2012-02-06,10.0462
2012-02-07,8.9862
2012-02-08,8.9862
2012-02-09,9.6774
2012-02-10,9.4253
2012-02-13,8.9655
2012-02-14,8.8506
2012-02-15,9.4253
2012-02-16,8.8506
2012-02-17,9.1743
2012-02-22,8.7156
2012-02-23,8.4862
2012-02-24,8.7356
2012-02-28,8.3716
2012-02-29,8.2569
2012-03-01,8.046
2012-03-02,8.0645
2012-03-05,8.1986
2012-03-06,7.9493
2012-03-07,8.5253
2012-03-08,8.5253
2012-03-09,8.5253
2012-03-12,8.3908
2012-03-13,8.5057
2012-03-14,8.7156
2012-03-15,9.7477
2012-03-16,10.6897
2012-03-19,9.8624
2012-03-20,10.5505
2012-03-21,11.0984
2012-03-22,11.4416
2012-03-23,11.8993
2012-03-26,12.2426
2012-03-27,12.8146
2012-03-28,12.8146
2012-03-29,12.7854
2012-03-30,12.5571
2012-04-03,11.6438
2012-04-04,11.9863
2012-04-09,11.3895
2012-04-10,11.4155
2012-04-11,11.3895
2012-04-12,11.8451
2012-04-13,12.3007
2012-04-16,12.5
2012-04-17,14.123
2012-04-18,14.0909
2012-04-19,14.0909
2012-04-20,13.8322
2012-04-23,14.2857
2012-04-24,16.3265
2012-04-25,16.5533
2012-04-26,15.6463
2012-04-27,15.4195
2012-05-02,14.9321
2012-05-03,13.9955
2012-05-04,13.7698
2012-05-07,13.9955
2012-05-08,13.964
2012-05-09,14.4144
2012-05-10,14.8649
2012-05-11,16.6667
2012-05-14,18.9189
2012-05-15,25.0
2012-05-16,23.6486
2012-05-17,25.618
2012-05-18,26.5169
2012-05-21,28.2511
2012-05-22,32.8859
2012-05-23,37.5839
2012-05-24,32.6622
2012-05-28,31.4732
2012-05-29,32.2148
2012-05-30,31.9911
2012-05-31,32.4385
2012-06-01,33.1096
2012-06-04,33.1096
2012-06-05,32.8125
2012-06-06,32.5167
2012-06-07,32.5167
2012-06-08,32.5167
2012-06-11,32.5167
2012-06-12,31.8486
2012-06-13,31.8486
2012-06-14,31.7778
2012-06-15,31.7778
2012-06-18,31.5556
2012-06-19,32.0
2012-06-21,32.5942
2012-06-22,32.5942
2012-06-25,32.5942
2012-06-26,31.4159
2012-06-27,31.6372
2012-06-28,32.3009
2012-06-29,31.3466
2012-07-02,31.5673
2012-07-03,31.5673
2012-07-04,31.5673
2012-07-05,31.5673
2012-07-06,31.5673
2012-07-10,31.4978
2012-07-11,32.1586
2012-07-12,34.3612
2012-07-13,35.6044
2012-07-16,38.6813
2012-07-17,45.0549
2012-07-18,48.1319
2012-07-19,44.7368
2012-07-20,41.4474
2012-07-23,40.4814
2012-07-24,40.7002
2012-07-25,41.1379
2012-07-26,40.4814
2012-07-27,40.8297
2012-07-30,39.083
2012-07-31,37.9913
2012-08-01,36.6013
2012-08-02,35.2941
2012-08-03,35.0763
2012-08-06,35.2941
2012-08-07,36.3834
2012-08-08,36.087
2012-08-09,36.087
2012-08-10,36.3043
2012-08-13,36.5217
2012-08-14,36.6594
2012-08-15,37.0933
2012-08-16,37.3102
2012-08-17,37.3102
2012-08-21,37.4459
2012-08-22,38.5281
2012-08-23,38.961
2012-08-24,38.7446
2012-08-27,37.797
2012-08-28,37.365
2012-08-29,37.581
2012-08-30,37.581
2012-08-31,37.581
2012-09-03,36.6379
2012-09-04,36.8534
2012-09-05,36.5591
2012-09-06,36.3441
2012-09-07,35.8369
2012-09-10,35.8369
2012-09-11,35.1931
2012-09-12,35.6223
2012-09-13,35.1931
2012-09-14,35.1178
2012-09-17,34.9036
2012-09-18,34.8291
2012-09-19,34.8291
2012-09-20,35.0427
2012-09-21,35.0427
2012-09-25,34.7548
2012-09-26,34.1151
2012-09-27,34.3284
2012-09-28,34.3284
2012-10-01,33.1915
2012-10-02,33.1915
2012-10-03,32.9787
2012-10-04,31.7021
2012-10-05,31.2102
2012-10-09,31.6348
2012-10-10,31.8471
2012-10-11,31.5678
2012-10-12,31.3559
2012-10-15,31.0782
2012-10-16,31.5011
2012-10-17,33.8266
2012-10-18,33.6152
2012-10-19,33.1224
2012-10-22,32.4895
2012-10-23,33.3333
2012-10-24,34.1053
2012-10-25,34.1053
2012-10-26,34.3158
2012-10-29,33.4034
2012-10-30,33.6134
2012-10-31,32.914
2012-11-01,32.914
2012-11-02,32.7044
2012-11-05,32.914
2012-11-07,32.0755
2012-11-08,32.7044
2012-11-09,32.4268
2012-11-12,32.2176
2012-11-13,32.2176
2012-11-14,32.5678
2012-11-15,32.5678
2012-11-16,33.3333
2012-11-19,32.5
2012-11-20,32.2245
2012-11-21,32.6403
2012-11-22,32.9876
2012-11-23,34.0249
2012-11-27,33.8174
2012-11-28,33.9545
2012-11-29,33.3333
2012-11-30,33.3333
2012-12-03,33.0579
2012-12-04,33.0579
2012-12-05,32.7835
2012-12-06,32.7835
2012-12-07,33.1276
2012-12-10,32.716
2012-12-11,32.2382
2012-12-12,33.0595
2012-12-13,33.8809
2012-12-14,33.8115
2012-12-17,33.6066
2012-12-18,33.5378
2012-12-19,33.9468
2012-12-20,35.3061
2012-12-21,34.898
2012-12-26,35.2342
2012-12-27,38.0855
2012-12-28,38.4929
2013-01-02,40.4472
2013-01-03,43.4077
2013-01-04,42.7992
2013-01-07,42.7992
2013-01-08,43.002
2013-01-09,44.1296
2013-01-10,46.7611
2013-01-11,45.749
2013-01-14,46.4646
2013-01-15,48.6869
2013-01-16,51.5152
2013-01-17,51.7172
2013-01-18,51.1111
2013-01-21,50.0
2013-01-22,49.7984
2013-01-23,51.6129
2013-01-24,52.4194
2013-01-25,53.629
2013-01-28,54.1247
2013-01-29,56.9416
2013-01-30,59.0361
2013-02-01,59.0361
2013-02-04,55.0201
2013-02-05,52.4096
2013-02-06,54.3086
2013-02-07,53.9078
2013-02-08,53.4
2013-02-13,53.0
2013-02-14,53.2
2013-02-15,53.8922
2013-02-18,53.3865
2013-02-19,55.5777
2013-02-21,55.666
2013-02-22,55.0696
2013-02-25,54.672
2013-02-26,55.1587
2013-02-27,55.1587
2013-02-28,55.5556
2013-03-01,55.2475
2013-03-04,54.8515
2013-03-05,54.5455
2013-03-06,54.7431
2013-03-07,54.5455
2013-03-08,54.7431
2013-03-11,54.2406
2013-03-12,54.3307
2013-03-13,55.9055
2013-03-14,57.2835
2013-03-15,58.1532
2013-03-18,58.4314
2013-03-19,62.1569
2013-03-20,71.5686
2013-03-21,65.6863
2013-03-22,65.9491
2013-03-25,61.5234
2013-03-26,62.1094
2013-03-27,64.6484
2013-04-03,61.7934
2013-04-04,62.1832
2013-04-05,63.4241
2013-04-08,62.3782
2013-04-09,62.8405
2013-04-10,63.2296
2013-04-11,64.2023
2013-04-12,63.6893
2013-04-15,63.4951
2013-04-16,65.1163
2013-04-17,68.6047
2013-04-18,67.8295
2013-04-19,67.2481
2013-04-22,67.6983
2013-04-23,71.3733
2013-04-24,72.9207
2013-04-25,77.6062
2013-04-26,80.3089
2013-04-29,79.5367
2013-04-30,81.4672
2013-05-02,85.5491
2013-05-03,90.0
2013-05-06,89.4434
2013-05-07,93.4741
2013-05-08,100.5758
2013-05-09,92.1456
2013-05-10,91.7782
2013-05-13,91.7782
2013-05-14,75.5725
2013-05-15,72.7099
2013-05-16,71.1281
2013-05-17,71.1281
2013-05-20,69.8473
2013-05-21,63.4286
2013-05-22,60.5714
2013-05-23,67.3004
2013-05-24,69.8292
2013-05-27,69.4497
2013-05-28,68.5009
2013-05-29,68.5009
2013-05-30,67.9924
2013-05-31,66.6667
2013-06-03,62.5709
2013-06-04,60.6805
2013-06-05,61.6257
2013-06-06,61.6981
2013-06-07,61.6981
2013-06-10,61.3936
2013-06-11,61.3936
2013-06-12,61.0902
2013-06-13,60.788
2013-06-14,60.788
2013-06-17,60.4869
2013-06-18,60.4869
2013-06-19,60.1869
2013-06-24,50.1866
2013-06-25,51.6791
2013-06-26,51.3966
2013-06-27,51.1152
2013-06-28,50.8349
2013-07-01,48.0519
2013-07-02,47.1243
2013-07-03,47.2222
2013-07-04,46.9501
2013-07-05,47.5926
2013-07-08,47.5046
2013-07-10,49.5379
2013-07-11,51.2915
2013-07-12,54.059
2013-07-15,58.011
2013-07-16,61.1418
2013-07-17,62.6838
2013-07-18,62.3853
2013-07-19,62.0879
2013-07-22,62.0879
2013-07-23,57.326
2013-07-24,58.4249
2013-07-25,58.3181
2013-07-26,58.0292
2013-07-29,57.7413
2013-07-30,56.9091
2013-07-31,56.8058
2013-08-01,58.6207
2013-08-02,58.6957
2013-08-05,57.971
2013-08-06,57.8662
2013-08-07,59.8553
2013-08-08,61.9134
2013-08-09,59.2058
2013-08-12,57.4775
2013-08-13,58.0935
2013-08-14,60.5027
2013-08-15,60.6822
2013-08-16,60.1073
2013-08-20,60.1786
2013-08-21,61.4286
2013-08-22,63.1016
2013-08-23,63.5231
2013-08-26,64.8313
2013-08-27,68.7943
2013-08-28,68.1416
2013-08-29,67.8445
2013-08-30,64.0212
2013-09-02,62.8521
2013-09-03,62.5659
2013-09-04,62.2807
2013-09-05,62.3468
2013-09-06,62.4561
2013-09-09,62.2807
2013-09-10,61.296
2013-09-11,61.7133
2013-09-12,62.0629
2013-09-13,62.5874
2013-09-16,62.4782
2013-09-17,62.5436
2013-09-18,63.1304
2013-09-19,63.1944
2013-09-20,63.3681
2013-09-23,63.2582
2013-09-24,63.9515
2013-09-25,65.6846
2013-09-26,65.2249
2013-09-27,64.7668
2013-09-30,63.7306
2013-10-01,64.3103
2013-10-02,65.1724
2013-10-03,65.2324
2013-10-04,64.3718
2013-10-07,64.0893
2013-10-08,65.6357
2013-10-09,67.0103
2013-10-10,67.9245
2013-10-11,66.7238
2013-10-15,64.3836
2013-10-16,67.1233
2013-10-17,68.3761
2013-10-18,68.8889
2013-10-21,68.7713
2013-10-22,72.0137
2013-10-23,72.3549
2013-10-24,72.0613
2013-10-25,71.7687
2013-10-28,65.5348
2013-10-29,68.4211
2013-10-30,68.3051
2013-10-31,67.8511
2013-11-01,67.7365
2013-11-04,66.33
2013-11-05,65.2101
2013-11-07,64.8148
2013-11-08,64.4295
2013-11-11,63.9866
2013-11-12,64.1541
2013-11-13,65.5518
2013-11-14,66.778
2013-11-15,65.9432
2013-11-18,64.5
2013-11-19,64.7841
2013-11-20,64.404
2013-11-21,64.0264
2013-11-22,63.1579
2013-11-26,61.0837
2013-11-27,59.0835
2013-11-28,58.3333
2013-11-29,55.8632
2013-12-02,49.9187
2013-12-03,50.7293
2013-12-04,55.1613
2013-12-05,55.7878
2013-12-06,52.2436
2013-12-09,52.0
2013-12-10,52.5559
2013-12-11,52.1531
2013-12-12,52.0701
2013-12-13,52.6232
2013-12-16,53.7242
2013-12-17,54.0284
2013-12-18,54.0881
2013-12-19,51.4063
2013-12-20,50.3115
2013-12-23,50.6211
2013-12-26,53.9413
2013-12-27,53.9291
2013-12-30,53.9877
2014-01-02,55.8104
2014-01-03,56.8598
2014-01-06,59.3323
2014-01-07,65.6061
2014-01-08,63.1818
2014-01-09,62.8959
2014-01-10,62.7068
2014-01-13,61.435
2014-01-14,63.1893
2014-01-15,66.9139
2014-01-16,70.6056
2014-01-17,75.4772
2014-01-20,70.571
2014-01-21,72.2384
2014-01-22,75.8321
2014-01-23,73.9708
2014-01-24,45.8853
2014-01-27,51.6854
2014-01-28,56.4838
2014-01-29,61.4713
2014-01-30,57.7307
2014-01-31,57.7307
2014-02-03,56.4838
2014-02-04,56.6792
2014-02-05,57.4655
2014-02-06,57.1429
2014-02-07,55.2163
2014-02-10,48.5969
2014-02-11,49.6164
2014-02-12,55.3708
2014-02-13,53.2051
2014-02-14,52.9563
2014-02-17,52.0619
2014-02-18,52.0619
2014-02-19,51.8662
2014-02-20,51.6667
2014-02-21,50.5102
2014-02-24,48.855
2014-02-25,48.4733
2014-02-26,46.7598
2014-02-27,45.1204
2014-02-28,42.7665
2014-03-05,33.8832
2014-03-06,39.5939
2014-03-07,40.4066
2014-03-10,39.136
2014-03-11,37.8653
2014-03-12,38.1194
2014-03-13,39.5939
2014-03-14,38.6076
2014-03-17,37.8003
2014-03-18,37.831
2014-03-19,37.3585
2014-03-20,37.5628
2014-03-21,37.3902
2014-03-25,36.625
2014-03-26,35.9551
2014-03-27,35.7054
2014-03-28,35.75
2014-03-31,34.8315
2014-04-01,35.375
2014-04-03,33.625
2014-04-04,32.5
2014-04-07,31.875
2014-04-08,29.25
2014-04-09,29.625
2014-04-10,29.625
2014-04-11,30.125
2014-04-14,28.5
2014-04-15,30.0
2014-04-16,30.5
2014-04-21,30.0
2014-04-22,30.0
2014-04-23,31.75
2014-04-24,33.875
2014-04-25,34.25
2014-04-28,33.75
2014-04-29,32.125
2014-04-30,31.875
2014-05-05,31.125
2014-05-06,32.375
2014-05-07,33.875
2014-05-08,34.125
2014-05-09,33.25
2014-05-12,33.7079
2014-05-13,34.788
2014-05-14,33.873
2014-05-15,36.2733
2014-05-16,38.0893
2014-05-19,40.3226
2014-05-20,46.0298
2014-05-21,50.1241
2014-05-22,46.7742
2014-05-23,40.8922
2014-05-26,43.7423
2014-05-27,46.8401
2014-05-28,46.2206
2014-05-29,45.4208
2014-05-30,41.7079
2014-06-02,42.0792
2014-06-03,43.7577
2014-06-04,43.7037
2014-06-05,43.2266
2014-06-06,42.5061
2014-06-09,43.1734
2014-06-10,43.6654
2014-06-11,44.0344
2014-06-12,45.1415
2014-06-13,44.1574
2014-06-16,47.4201
2014-06-17,50.6765
2014-06-18,51.2915
2014-06-19,53.1365
2014-06-23,46.3715
2014-06-24,48.8315
2014-06-25,49.4465
2014-06-26,49.4465
2014-06-27,49.8155
2014-06-30,49.4465
2014-07-01,49.4465
2014-07-02,48.0344
2014-07-03,48.0344
2014-07-04,48.4029
2014-07-07,47.4201
2014-07-08,48.6486
2014-07-10,47.2393
2014-07-11,46.9939
2014-07-14,47.8528
2014-07-15,49.6933
2014-07-16,50.3067
2014-07-17,50.6127
2014-07-18,50.4902
2014-07-21,50.4902
2014-07-22,52.5735
2014-07-23,55.4468
2014-07-24,53.6108
2014-07-25,55.2567
2014-07-28,58.9242
2014-07-29,56.2882
2014-07-30,50.9756
2014-07-31,54.6894
2014-08-01,55.7178
2014-08-04,54.1818
2014-08-05,54.4135
2014-08-06,54.7763
2014-08-07,55.26
2014-08-08,54.7763
2014-08-11,54.7763
2014-08-12,56.5901
2014-08-13,59.0085
2014-08-14,59.6618
2014-08-15,59.6618
2014-08-19,59.7826
2014-08-20,63.253
2014-08-21,67.0659
2014-08-22,65.4394
2014-08-25,66.2307
2014-08-26,68.8466
2014-08-27,70.9869
2014-08-28,70.9869
2014-08-29,67.2619
2014-09-01,68.8466
2014-09-02,69.4411
2014-09-03,69.56
2014-09-04,66.9048
2014-09-05,67.063
2014-09-08,69.2399
2014-09-09,69.4411
2014-09-10,70.3571
2014-09-11,70.4762
2014-09-12,71.4286
2014-09-15,72.2619
2014-09-16,75.2381
2014-09-17,79.5482
2014-09-18,78.5036
2014-09-19,78.1473
2014-09-22,79.7153
2014-09-23,83.274
2014-09-24,89.2052
2014-09-25,86.8327
2014-09-26,86.6114
2014-09-29,84.3972
2014-09-30,85.8156
2014-10-01,85.0888
2014-10-02,83.432
2014-10-03,80.8511
2014-10-06,76.7139
2014-10-07,73.5537
2014-10-08,73.1678
2014-10-09,75.0885
2014-10-10,76.2972
2014-10-14,74.1745
2014-10-15,73.7028
2014-10-16,72.7594
2014-10-17,73.3491
2014-10-20,73.1132
2014-10-21,72.9412
2014-10-22,73.0271
2014-10-23,73.1449
2014-10-24,72.5559
2014-10-27,72.7059
2014-10-28,72.0
2014-10-29,70.9412
2014-10-30,68.5882
2014-10-31,68.0
2014-11-03,63.3373
2014-11-04,59.812
2014-11-05,58.6369
2014-11-07,53.9365
2014-11-10,48.6486
2014-11-11,54.5241
2014-11-12,61.3396
2014-11-13,57.4618
2014-11-14,57.2268
2014-11-17,58.4019
2014-11-18,59.2244
2014-11-19,59.2244
2014-11-20,58.6369
2014-11-21,57.0423
2014-11-25,56.6901
2014-11-26,56.1033
2014-11-27,54.7479
2014-11-28,53.5756
2014-12-01,50.6448
2014-12-02,52.2248
2014-12-03,52.8103
2014-12-04,51.2881
2014-12-05,49.4737
2014-12-09,49.5327
2014-12-10,49.4737
2014-12-11,48.538
2014-12-12,50.2924
2014-12-15,54.0351
2014-12-16,53.8012
2014-12-17,53.2164
2014-12-18,53.8012
2014-12-19,53.2164
2014-12-22,54.152
2014-12-23,56.4912
2014-12-29,60.5848
2014-12-30,64.3275
2015-01-02,63.7427
2015-01-05,60.6308
2015-01-06,60.7935
2015-01-07,61.4219
2015-01-08,60.3027
2015-01-09,60.3027
2015-01-12,59.4878
2015-01-13,58.3236
2015-01-14,58.3721
2015-01-15,58.3721
2015-01-16,58.0233
2015-01-19,59.3023
2015-01-20,58.5366
2015-01-21,58.5366
2015-01-22,58.9327
2015-01-23,58.4009
2015-01-26,58.2851
2015-01-27,58.1692
2015-01-28,59.3279
2015-01-29,57.5898
2015-01-30,57.4074
2015-02-02,54.6821
2015-02-03,53.6952
2015-02-04,53.5797
2015-02-05,53.0023
2015-02-06,52.4249
2015-02-09,52.194
2015-02-10,52.0185
2015-02-11,51.4977
2015-02-12,51.1521
2015-02-13,51.9585
2015-02-18,49.5972
2015-02-19,47.8711
2015-02-20,50.2299
2015-02-23,50.9759
2015-02-24,50.8028
2015-02-25,51.1468
2015-02-26,50.1718
2015-02-27,49.4266
2015-03-02,49.0263
2015-03-03,47.9405
2015-03-04,47.9405
2015-03-05,46.8571
2015-03-06,46.2329
2015-03-09,45.6621
2015-03-10,45.496
2015-03-11,46.1802
2015-03-12,47.1526
2015-03-13,47.6082
2015-03-16,46.8109
2015-03-17,46.5301
2015-03-18,47.4403
2015-03-19,46.3026
2015-03-20,45.6818
2015-03-25,45.5682
2015-03-26,45.3409
2015-03-27,45.0624
2015-03-30,43.0839
2015-03-31,43.0839
2015-04-01,42.1291
2015-04-06,41.4496
2015-04-07,40.2039
2015-04-08,40.8371
2015-04-09,40.1584
2015-04-10,40.113
2015-04-13,40.339
2015-04-14,41.3093
2015-04-15,44.4695
2015-04-16,43.4047
2015-04-17,43.292
2015-04-20,42.9538
2015-04-21,43.292
2015-04-22,44.0315
2015-04-23,44.5946
2015-04-24,43.982
2015-04-27,42.8571
2015-04-28,43.0337
2015-04-29,43.0337
2015-04-30,42.6966
2015-05-04,41.5264
2015-05-05,41.1897
2015-05-06,41.2556
2015-05-07,41.1435
2015-05-08,40.7615
2015-05-11,40.2016
2015-05-12,40.1566
2015-05-13,40.8277
2015-05-14,41.1633
2015-05-15,41.3408
2015-05-18,41.4525
2015-05-19,41.7411
2015-05-20,41.0714
2015-05-21,40.9142
2015-05-22,41.0256
2015-05-26,41.806
2015-05-27,41.6481
2015-05-28,41.4254
2015-05-29,40.7119
2015-06-01,40.3333
2015-06-02,40.5556
2015-06-03,40.5105
2015-06-04,40.2886
2015-06-05,40.3996
2015-06-08,39.9113
2015-06-09,39.9113
2015-06-10,39.7564
2015-06-11,40.3101
2015-06-12,40.2655
2015-06-15,40.2655
2015-06-16,41.989
2015-06-17,42.9834
2015-06-18,44.5304
2015-06-19,43.7086
2015-06-22,44.0397
2015-06-23,47.351
2015-06-24,50.4961
2015-06-25,49.0628
2015-06-26,46.2555
2015-06-29,46.3656
2015-06-30,47.4147
2015-07-01,49.725
2015-07-02,49.5604
2015-07-03,48.1319
2015-07-06,47.4204
2015-07-07,49.1767
2015-07-08,49.1228
2015-07-10,49.3421
2015-07-13,51.6977
2015-07-14,53.3406
2015-07-15,52.5164
2015-07-16,54.3764
2015-07-17,55.4098
2015-07-20,59.0164
2015-07-21,64.918
2015-07-22,62.5546
2015-07-23,59.8253
2015-07-24,58.0153
2015-07-27,59.7601
2015-07-28,63.0719
2015-07-29,62.7451
2015-07-30,62.4183
2015-07-31,62.568
2015-08-03,62.0239
2015-08-04,61.9565
2015-08-05,62.5
2015-08-06,62.6493
2015-08-07,61.9978
2015-08-10,60.7375
2015-08-11,60.846
2015-08-12,61.3218
2015-08-13,62.013
2015-08-14,63.4199
2015-08-18,62.7027
2015-08-19,63.7838
2015-08-20,65.7667
2015-08-21,67.9266
2015-08-24,70.8738
2015-08-25,72.2762
2015-08-26,71.5517
2015-08-27,68.8578
2015-08-28,67.169
2015-08-31,66.3441
2015-09-01,66.7742
2015-09-02,67.7766
2015-09-03,68.0258
2015-09-04,66.0944
2015-09-07,65.5949
2015-09-08,66.2379
2015-09-09,66.4882
2015-09-10,66.2032
2015-09-11,65.9893
2015-09-14,66.8803
2015-09-15,67.5214
2015-09-16,69.1569
2015-09-17,69.6162
2015-09-18,69.0832
2015-09-21,69.3291
2015-09-22,69.7551
2015-09-23,69.4681
2015-09-24,70.3191
2015-09-25,70.6695
2015-09-28,70.1382
2015-09-29,70.0319
2015-09-30,69.7452
2015-10-01,68.3987
2015-10-02,68.3263
2015-10-05,67.3729
2015-10-06,66.5608
2015-10-07,66.6667
2015-10-08,66.7019
2015-10-09,67.1595
2015-10-13,67.1595
2015-10-14,66.8776
2015-10-15,66.9831
2015-10-16,67.9663
2015-10-19,69.5789
2015-10-20,68.7368
2015-10-21,66.9821
2015-10-22,68.5594
2015-10-23,68.6975
2015-10-26,65.8972
2015-10-27,66.3169
2015-10-28,66.6667
2015-10-29,65.304
2015-10-30,64.9215
2015-11-02,63.6649
2015-11-03,62.2385
2015-11-04,61.5465
2015-11-05,58.0376
2015-11-09,50.6778
2015-11-10,53.2847
2015-11-11,59.6875
2015-11-12,58.897
2015-11-13,56.4449
2015-11-16,56.8017
2015-11-17,59.2324
2015-11-18,59.6891
2015-11-19,57.3499
2015-11-20,55.8428
2015-11-23,57.0838
2015-11-24,57.6008
2015-11-25,56.1983
2015-11-26,54.5455
2015-11-30,52.1156
2015-12-01,49.3814
2015-12-02,52.4202
2015-12-03,51.5432
2015-12-04,52.2097
2015-12-09,51.232
2015-12-10,51.4872
2015-12-11,52.0983
2015-12-14,50.0511
2015-12-15,48.2161
2015-12-16,48.2197
2015-12-17,4.3605
2015-12-18,5.8122
2015-12-21,8.509
2015-12-22,7.5734
2015-12-23,8.1288
2015-12-24,8.046
2015-12-28,9.6478
2015-12-29,11.1025
2015-12-30,10.3236
2016-01-04,8.4162
2016-01-05,6.1664
2016-01-06,4.263
2016-01-07,3.5868
2016-01-08,4.1817
2016-01-11,4.1096
2016-01-12,5.891
2016-01-13,6.1947
2016-01-14,7.0579
2016-01-15,6.994
2016-01-18,6.3657
2016-01-19,6.5234
2016-01-20,6.6914
2016-01-21,5.9779
2016-01-22,4.5918
2016-01-25,4.1364
2016-01-26,3.7572
2016-01-27,3.4557
2016-01-28,2.8798
2016-01-29,2.6619
2016-02-01,1.4194
2016-02-02,0.2122
2016-02-03,0.9901
2016-02-04,0.4933
2016-02-05,-0.3494
2016-02-10,-1.5204
2016-02-11,-0.4121
2016-02-12,1.4936
2016-02-15,1.5572
2016-02-16,1.5488
2016-02-17,2.7498
2016-02-18,2.1291
2016-02-19,1.996
2016-02-22,2.1869
2016-02-23,0.0649
2016-02-24,1.4984
2016-02-25,1.8868
2016-02-26,1.3601
2016-02-29,0.1926
2016-03-01,-0.3769
2016-03-02,1.3384
2016-03-03,1.6828
2016-03-04,3.4211
2016-03-07,2.5424
2016-03-08,1.943
2016-03-09,2.3438
2016-03-10,2.412
2016-03-11,3.1746
2016-03-14,5.473
2016-03-15,5.065
2016-03-16,6.2715
2016-03-17,6.4935
2016-03-18,4.9933
2016-03-21,5.5556
2016-03-22,7.6491
2016-03-23,6.0291
2016-03-28,5.3962
2016-03-29,3.4274
2016-03-30,4.6512
2016-03-31,4.6639
2016-04-01,3.4694
2016-04-04,2.774
2016-04-05,2.861
2016-04-06,1.9741
2016-04-07,2.8906
2016-04-08,3.3264
2016-04-11,3.1013
2016-04-12,3.2325
2016-04-13,3.4674
2016-04-14,4.245
2016-04-15,4.4755
2016-04-18,4.7383
2016-04-19,4.1726
2016-04-20,3.0899
2016-04-21,3.0641
2016-04-22,2.9046
2016-04-25,3.6288
2016-04-26,3.3543
2016-04-27,3.5112
2016-04-28,3.8109
2016-04-29,2.805
2016-05-02,2.8752
2016-05-03,3.1668
2016-05-04,3.2372
2016-05-05,2.3158
2016-05-06,2.1067
2016-05-09,2.2504
2016-05-10,2.1082
2016-05-11,2.6723
2016-05-12,3.5211
2016-05-13,3.3192
2016-05-16,3.7456
2016-05-17,3.7509
2016-05-18,4.2523
2016-05-19,4.0368
2016-05-20,4.1903
2016-05-23,4.7109
2016-05-24,4.5649
2016-05-26,4.1164
2016-05-27,4.9321
2016-05-30,4.8711
2016-05-31,3.5689
2016-06-01,3.4409
2016-06-02,3.0869
2016-06-03,2.8818
2016-06-06,2.7576
2016-06-07,2.8261
2016-06-08,2.8179
2016-06-09,3.3213
2016-06-10,3.5456
2016-06-13,4.4203
2016-06-14,4.6478
2016-06-15,5.0872
2016-06-16,4.5685
2016-06-21,4.1787
2016-06-22,3.7776
2016-06-23,3.9464
2016-06-24,1.2129
2016-06-27,1.9295
2016-06-28,-0.2656
2016-06-29,0.1342
2016-06-30,0.134
2016-07-01,-0.5952
2016-07-04,-0.7963
2016-07-05,-0.1332
2016-07-06,1.0163
2016-07-07,1.4295
2016-07-11,2.1754
2016-07-12,3.3562
2016-07-13,3.3631
2016-07-14,3.3516
2016-07-15,2.6918
2016-07-18,2.1912
2016-07-19,0.2633
2016-07-20,2.4667
2016-07-21,1.9282
2016-07-22,3.2107
2016-07-25,4.2867
2016-07-26,3.8102
2016-07-27,3.8051
2016-07-28,3.2601
2016-07-29,2.859
2016-08-01,3.3356
2016-08-02,3.2997
2016-08-03,3.0262
2016-08-04,3.0242
2016-08-05,2.6263
2016-08-08,3.6511
2016-08-09,3.9269
2016-08-10,3.7966
2016-08-11,4.3656
2016-08-12,4.7099
2016-08-16,4.7716
2016-08-17,4.966
2016-08-18,3.9731
2016-08-19,3.2129
2016-08-22,3.7584
2016-08-23,4.5179
2016-08-24,4.304
2016-08-25,4.0995
2016-08-26,3.7508
2016-08-29,2.988
2016-08-30,2.5828
2016-08-31,3.4228
2016-09-01,2.6882
2016-09-02,3.2886
2016-09-05,2.5333
2016-09-06,2.3318
2016-09-07,1.7964
2016-09-08,1.3935
2016-09-09,1.7928
2016-09-12,2.8019
2016-09-13,3.0852
2016-09-14,2.5283
2016-09-15,2.5266
2016-09-16,2.717
2016-09-19,2.9703
2016-09-20,3.9578
2016-09-21,3.5667
2016-09-22,3.4937
2016-09-23,3.6939
2016-09-26,3.879
2016-09-27,3.3399
2016-09-28,2.9393
2016-09-29,2.2078
2016-09-30,2.9489
2016-10-03,2.7577
2016-10-04,2.5692
2016-10-05,2.7668
2016-10-06,2.2996
2016-10-07,2.2354
2016-10-11,2.6333
2016-10-12,2.5083
2016-10-13,2.8439
2016-10-14,3.1746
2016-10-17,3.0243
2016-10-18,2.8947
2016-10-19,2.7613
2016-10-20,2.635
2016-10-21,2.7063
2016-10-24,3.3069
2016-10-25,2.765
2016-10-26,2.3653
2016-10-27,2.108
2016-10-28,2.5016
2016-10-31,2.5709
2016-11-01,1.9828
2016-11-02,2.122
2016-11-03,1.5863
2016-11-04,2.3225
2016-11-07,2.859
2016-11-08,2.5266
2016-11-09,2.3968
2016-11-10,2.1971
2016-11-11,1.6426
2016-11-14,1.5454
2016-11-15,0.7722
2016-11-16,0.6431
2016-11-17,1.3575
2016-11-18,2.3902
2016-11-21,2.7273
2016-11-22,2.6606
2016-11-23,2.7044
2016-11-24,3.2196
2016-11-25,3.5393
2016-11-29,3.404
2016-11-30,1.9571
2016-12-01,2.3945
2016-12-02,2.9597
2016-12-05,2.133
2016-12-06,1.9534
2016-12-07,2.1303
2016-12-12,1.8703
2016-12-13,2.1223
2016-12-14,3.2684
2016-12-15,4.125
2016-12-16,4.6395
2016-12-19,5.5485
2016-12-20,4.7378
2016-12-21,4.5397
2016-12-22,5.5168
2016-12-23,6.7949
2016-12-26,8.3601
2016-12-27,8.0541
2016-12-28,7.8998
2016-12-29,7.7559
2016-12-30,6.4353
2017-01-02,6.7211
2017-01-03,7.6101
2017-01-04,5.6698
2017-01-05,5.5034
2017-01-06,6.3722
2017-01-09,6.7679
2017-01-10,6.1752
2017-01-11,5.9269
2017-01-12,6.3843
2017-01-13,5.9975
2017-01-16,5.9231
2017-01-17,6.1083
2017-01-18,5.8307
2017-01-19,5.6946
2017-01-20,6.3052
2017-01-23,6.0302
2017-01-24,5.7018
2017-01-25,5.7753
2017-01-26,5.3952
2017-01-27,5.7269
2017-01-30,4.7679
2017-01-31,4.5883
2017-02-01,4.8611
2017-02-02,5.0254
2017-02-03,5.3035
2017-02-06,5.5058
2017-02-07,4.8982
2017-02-08,5.0351
2017-02-09,5.1184
2017-02-10,5.6592
2017-02-13,5.924
2017-02-14,6.0078
2017-02-15,5.5627
2017-02-16,5.9206
2017-02-17,5.7766
2017-02-20,4.8982
2017-02-21,4.8531
2017-02-22,5.2124
2017-02-23,4.4316
2017-02-24,5.304
2017-03-01,4.9096
2017-03-02,4.0936
2017-03-03,4.0129
2017-03-06,4.2746
2017-03-07,3.8065
2017-03-08,2.7582
2017-03-09,2.4952
2017-03-10,3.6176
2017-03-13,3.6082
2017-03-14,3.4106
2017-03-15,3.2797
2017-03-16,3.284
2017-03-17,3.4771
2017-03-20,3.3823
2017-03-21,3.133
2017-03-22,3.2092
2017-03-23,2.9431
2017-03-27,3.2031
2017-03-28,3.4106
2017-03-29,2.7796
2017-03-30,3.1818
2017-03-31,3.9012
2017-04-03,3.6965
2017-04-04,3.251
2017-04-05,3.3876
2017-04-06,2.9851
2017-04-07,2.082
2017-04-10,1.9569
2017-04-11,2.9528
2017-04-12,3.4278
2017-04-17,4.6022
2017-04-18,4.2022
2017-04-19,4.4099
2017-04-20,4.4805
2017-04-21,4.5484
2017-04-24,4.5396
2017-04-25,4.4776
2017-04-26,4.0155
2017-04-27,3.2362
2017-04-28,3.6293
2017-05-02,4.1748
2017-05-03,4.0602
2017-05-04,3.5133
2017-05-05,3.7158
2017-05-08,4.0286
2017-05-09,2.5723
2017-05-10,2.6401
2017-05-11,2.9754
2017-05-12,3.3744
2017-05-15,3.1654
2017-05-16,2.9506
2017-05-17,2.8169
2017-05-18,1.8228
2017-05-19,1.3845
2017-05-22,0.9334
2017-05-23,1.118
2017-05-24,1.1801
2017-05-26,1.8703
2017-05-29,2.4984
2017-05-30,2.3647
2017-05-31,1.5489
2017-06-01,1.4944
2017-06-02,1.8091
2017-06-05,1.9339
2017-06-06,2.3111
2017-06-07,2.1861
2017-06-08,2.1889
2017-06-09,2.8302
2017-06-12,3.0132
2017-06-13,3.713
2017-06-14,4.164
2017-06-15,3.5804
2017-06-16,3.248
2017-06-19,3.547
2017-06-21,2.0782
2017-06-22,2.1001
2017-06-23,2.6658
2017-06-26,2.6478
2017-06-27,2.0134
2017-06-28,1.8326
2017-06-29,1.3956
2017-06-30,1.4458
2017-07-03,0.9592
2017-07-04,0.5335
2017-07-05,1.2353
2017-07-06,0.5831
2017-07-07,1.3553
2017-07-10,1.8246
2017-07-11,2.5309
2017-07-12,3.1232
2017-07-13,3.8348
2017-07-14,4.1494
2017-07-17,4.9763
2017-07-18,4.7563
2017-07-19,2.9463
2017-07-20,4.1448
2017-07-21,3.5755
2017-07-24,2.9076
2017-07-25,4.193
2017-07-26,4.5793
2017-07-27,4.8975
2017-07-28,3.7725
2017-07-31,2.3769
2017-08-01,2.7257
2017-08-02,3.9863
2017-08-03,3.0612
2017-08-04,2.8329
2017-08-07,2.7684
2017-08-08,3.8961
2017-08-09,3.5433
2017-08-10,4.2301
2017-08-11,4.3478
2017-08-14,5.5394
2017-08-15,6.3892
2017-08-16,6.955
2017-08-17,6.2536
2017-08-18,5.9028
2017-08-22,6.3262
2017-08-23,6.2718
2017-08-24,6.2864
2017-08-25,6.1556
2017-08-28,6.3298
2017-08-29,5.6615
2017-08-30,4.7018
2017-08-31,5.1238
2017-09-01,5.2784
2017-09-04,4.9884
2017-09-05,4.2294
2017-09-06,4.2393
2017-09-07,3.5424
2017-09-08,3.8931
2017-09-11,4.3023
2017-09-12,4.5003
2017-09-13,4.6307
2017-09-14,4.9971
2017-09-15,5.1267
2017-09-18,5.041
2017-09-19,4.3605
2017-09-20,4.7813
2017-09-21,3.8773
2017-09-22,3.7572
2017-09-25,3.2165
2017-09-26,2.4986
2017-09-27,2.3904
2017-09-28,2.3349
2017-09-29,3.4065
2017-10-02,3.5159
2017-10-03,2.6965
2017-10-04,2.6498
2017-10-05,2.6528
2017-10-06,1.542
2017-10-09,2.2896
2017-10-10,2.4083
2017-10-11,2.4096
2017-10-12,2.6391
2017-10-13,3.1106
2017-10-17,3.6824
2017-10-18,4.1546
2017-10-19,3.3333
2017-10-20,3.091
2017-10-23,4.3303
2017-10-24,3.6571
2017-10-25,3.7249
2017-10-26,3.1375
2017-10-27,2.4887
2017-10-30,2.7746
2017-10-31,2.4335
2017-11-01,2.153
2017-11-02,2.6181
2017-11-03,2.5626
2017-11-07,1.8676
2017-11-08,1.9362
2017-11-09,2.3375
2017-11-10,2.6256
2017-11-13,3.0787
2017-11-14,3.3162
2017-11-15,3.0234
2017-11-16,3.259
2017-11-17,3.4305
2017-11-21,3.4837
2017-11-22,3.8351
2017-11-23,3.9036
2017-11-24,4.0299
2017-11-27,4.5009
2017-11-28,4.674
2017-11-29,4.0184
2017-11-30,3.3372
2017-12-01,4.3453
2017-12-04,4.6929
2017-12-05,3.5159
2017-12-06,3.8172
2017-12-07,3.2929
2017-12-11,3.8217
2017-12-12,3.9977
2017-12-13,3.5219
2017-12-14,3.4562
2017-12-15,3.0769
2017-12-18,3.9294
2017-12-19,3.358
2017-12-20,1.5748
2017-12-21,1.2311
2017-12-22,1.6102
2017-12-26,3.5616
2017-12-27,3.308
2017-12-28,2.3367
2017-12-29,2.7171
2018-01-02,3.7736
2018-01-03,4.7231
2018-01-04,4.2988
2018-01-05,3.1283
2018-01-08,2.6744
2018-01-09,2.5722
2018-01-10,3.2051
2018-01-11,4.0751
2018-01-12,4.3803
2018-01-15,4.7543
2018-01-16,4.0892
2018-01-17,3.8645
2018-01-18,4.191
2018-01-19,3.8502
2018-01-22,3.828
2018-01-23,2.8986
2018-01-24,2.5602
2018-01-25,2.4115
2018-01-26,2.3566
2018-01-29,2.3505
2018-01-30,2.2449
2018-01-31,1.5267
2018-02-01,2.3626
2018-02-02,2.1538
2018-02-05,1.9969
2018-02-06,1.0157
2018-02-07,1.1723
2018-02-08,0.4536
2018-02-09,0.4968
2018-02-14,-0.3495
2018-02-15,0.6079
2018-02-16,1.2201
2018-02-19,1.9657
2018-02-20,1.1033
2018-02-21,0.9538
2018-02-22,0.652
2018-02-23,0.651
2018-02-26,1.6467
2018-02-27,0.5952
2018-02-28,0.7455
2018-03-01,0.5952
2018-03-02,0.8403
2018-03-05,-0.0493
2018-03-06,1.1386
2018-03-07,0.7371
2018-03-08,0.5885
2018-03-09,1.6774
2018-03-12,2.3244
2018-03-13,2.3774
2018-03-14,2.8727
2018-03-15,2.7134
2018-03-16,2.9571
2018-03-19,3.3086
2018-03-20,3.6067
2018-03-21,3.4517
2018-03-22,3.2099
2018-03-23,3.6121
2018-03-26,3.5714
2018-03-27,2.9762
2018-03-28,3.0785
2018-04-03,3.2738
2018-04-04,1.9802
2018-04-05,0.9911
2018-04-06,2.1277
2018-04-09,1.5849
2018-04-10,1.0401
2018-04-11,1.3889
2018-04-12,1.5369
2018-04-13,1.2865
2018-04-16,1.2859
2018-04-17,2.1308
2018-04-18,2.3821
2018-04-19,1.9345
2018-04-20,1.9316
2018-04-23,1.5802
2018-04-24,1.679
2018-04-25,1.4808
2018-04-26,1.1247
2018-04-27,0.9183
2018-05-02,0.6199
2018-05-03,-0.9195
2018-05-04,0.0
2018-05-07,0.7787
2018-05-08,-0.2636
2018-05-09,2.5698
2018-05-10,2.9607
2018-05-11,4.3909
2018-05-14,8.1954
2018-05-15,0.0
2018-05-16,3.9933
2018-05-17,3.5758
2018-05-18,3.252
2018-05-21,4.656
2018-05-22,4.2693
2018-05-23,3.928
2018-05-24,4.0309
2018-05-28,4.6559
2018-05-29,3.8153
2018-05-30,3.9743
2018-05-31,4.0882
2018-06-01,4.1667
2018-06-04,4.1667
2018-06-05,3.7245
2018-06-06,2.5281
2018-06-07,2.3228
2018-06-08,1.2956
2018-06-11,2.6347
2018-06-12,1.7015
2018-06-13,3.3813
2018-06-14,3.1042
2018-06-15,0.7891
2018-06-18,0.8961
2018-06-19,2.3096
2018-06-21,1.6334
2018-06-22,2.7574
2018-06-25,3.4419
2018-06-26,3.2448
2018-06-27,2.381
2018-06-28,1.2226
2018-06-29,0.3119
2018-07-02,0.8008
2018-07-03,3.7938
2018-07-04,3.2822
2018-07-05,2.5914
2018-07-06,2.9202
2018-07-10,3.4107
2018-07-11,3.5324
2018-07-12,4.7882
2018-07-13,5.2477
2018-07-16,5.6777
2018-07-17,4.7654
2018-07-18,3.6541
2018-07-19,3.2805
2018-07-20,3.9783
2018-07-23,3.764
2018-07-24,4.0378
2018-07-25,4.5322
2018-07-26,4.0452
2018-07-27,4.5704
2018-07-30,3.8771
2018-07-31,3.3285
2018-08-01,2.5082
2018-08-02,1.9928
2018-08-03,2.447
2018-08-06,2.6672
2018-08-07,1.7602
2018-08-08,1.0174
2018-08-09,-0.0715
2018-08-10,-0.6849
2018-08-13,-1.033
2018-08-14,-0.4079
2018-08-15,-0.6998
2018-08-16,-0.5367
2018-08-17,0.3693
2018-08-21,1.2679
2018-08-22,1.8212
2018-08-23,2.649
2018-08-24,3.5329
2018-08-27,4.9483
2018-08-28,6.2201
2018-08-29,6.9192
2018-08-30,0.9846
2018-08-31,0.9965
2018-09-03,-0.0789
2018-09-04,-1.8608
2018-09-05,-0.7988
2018-09-06,-2.494
2018-09-07,-1.3247
2018-09-10,-0.3744
2018-09-11,1.5295
2018-09-12,0.3433
2018-09-13,0.1033
2018-09-14,-1.788
2018-09-17,1.0611
2018-09-18,0.0503
2018-09-19,-1.1657
2018-09-20,1.1485
2018-09-21,1.7829
2018-09-24,2.5469
2018-09-25,-0.3906
2018-09-26,-1.1372
2018-09-27,-2.5563
2018-09-28,-2.8117
2018-10-01,-4.5612
2018-10-02,0.891
2018-10-03,2.3664
2018-10-04,-1.3499
2018-10-05,-0.0526
2018-10-08,0.5326
2018-10-09,0.6711
2018-10-10,0.5632
2018-10-11,1.571
2018-10-12,4.1667
2018-10-16,1.7602
2018-10-17,1.9284
2018-10-18,2.3071
2018-10-19,1.2312
2018-10-22,0.2197
2018-10-23,0.6255
2018-10-24,1.2589
2018-10-25,-0.1087
2018-10-26,-0.1087
2018-10-29,-0.7883
2018-10-30,-2.2536
2018-10-31,-1.2431
2018-11-01,-0.6715
2018-11-02,-0.2529
2018-11-05,-0.8439
2018-11-07,-2.1253
2018-11-08,-2.4151
2018-11-09,-2.0851
2018-11-12,-0.7322
2018-11-13,1.0031
2018-11-14,-1.0244
2018-11-15,-2.2734
2018-11-16,-1.3341
2018-11-20,-2.096
2018-11-21,-1.4337
2018-11-22,-1.8666
2018-11-23,0.2982
2018-11-26,0.2358
2018-11-27,-4.8354
2018-11-28,-4.6198
2018-11-29,-3.3403
2018-12-03,-2.4126
2018-12-04,-1.5111
2018-12-05,-2.4776
2018-12-06,-2.9319
2018-12-07,-1.6328
2018-12-10,-1.8568
2018-12-11,-0.3984
2018-12-12,-0.3719
2018-12-13,-0.1323
2018-12-14,-0.4454
2018-12-17,-0.1827
2018-12-18,2.0675
2018-12-19,0.5222
2018-12-20,0.4728
2018-12-21,1.7595
2018-12-26,5.1675
2018-12-27,3.7075
2018-12-28,7.1145
2019-01-02,6.7756
2019-01-03,7.1904
2019-01-04,6.9805
2019-01-07,5.7281
2019-01-08,5.0308
2019-01-09,6.0849
2019-01-10,5.1997
2019-01-11,5.7951
2019-01-14,5.1213
2019-01-15,5.6812
2019-01-16,5.0589
2019-01-17,3.3386
2019-01-18,3.6683
2019-01-21,2.7579
2019-01-22,3.0859
2019-01-23,3.8339
2019-01-24,2.5027
2019-01-25,2.9887
2019-01-28,3.1275
2019-01-29,3.4112
2019-01-30,1.7017
2019-01-31,1.2419
2019-02-01,1.3695
2019-02-04,0.6982
2019-02-05,0.2688
2019-02-06,-0.4809
2019-02-07,-1.715
2019-02-08,-0.9509
2019-02-11,-1.4875
2019-02-12,-0.1851
2019-02-13,-0.3932
2019-02-14,0.3388
2019-02-15,0.4435
2019-02-18,-0.0516
2019-02-19,0.2055
2019-02-20,-0.7243
2019-02-21,-1.0338
2019-02-22,-0.6369
2019-02-25,0.1027
2019-02-26,0.6668
2019-02-27,0.6452
2019-02-28,0.0
2019-03-01,-1.1407
2019-03-06,-2.4209
2019-03-07,-1.7706
2019-03-08,-3.1477
2019-03-11,-1.517
2019-03-12,-0.2418
2019-03-13,-0.3601
2019-03-14,0.0488
2019-03-15,2.028
2019-03-18,3.2486
2019-03-19,2.2812
2019-03-20,0.4138
2019-03-21,1.8655
2019-03-22,-0.6189
2019-03-25,0.2632
2019-03-26,0.4723
2019-03-27,-0.9153
2019-03-28,-1.4682
2019-03-29,-0.2307
2019-04-01,1.588
2019-04-03,1.993
2019-04-04,0.9249
2019-04-05,0.7095
2019-04-08,0.4566
2019-04-09,0.5944
2019-04-10,2.2305
2019-04-11,2.5402
2019-04-12,3.1184
2019-04-15,4.6679
2019-04-16,4.0133
2019-04-17,3.9971
2019-04-22,3.8885
2019-04-23,4.1765
2019-04-24,2.3459
2019-04-25,0.8109
2019-04-26,2.7184
2019-04-29,0.8955
2019-04-30,4.5217
2019-05-02,3.352
2019-05-03,2.9941
2019-05-06,3.5635
2019-05-07,2.4499
2019-05-08,2.1314
2019-05-09,0.9436
2019-05-10,2.2677
2019-05-13,1.2993
2019-05-14,2.2449
2019-05-15,1.8826
2019-05-16,2.5412
2019-05-17,2.3989
2019-05-20,2.2727
2019-05-21,3.1905
2019-05-22,3.0859
2019-05-23,2.3256
2019-05-24,2.6468
2019-05-27,2.6012
2019-05-28,3.148
2019-05-29,3.8202
2019-05-30,3.2621
2019-05-31,2.5184
2019-06-03,2.7413
2019-06-04,2.7703
2019-06-05,1.7857
2019-06-06,1.4896
2019-06-07,1.8271
2019-06-10,1.1786
2019-06-11,1.6987
2019-06-12,3.5429
2019-06-13,3.9229
2019-06-14,3.0317
2019-06-18,3.4127
2019-06-19,3.3372
2019-06-21,3.6813
2019-06-24,4.1481
2019-06-25,4.2307
2019-06-26,3.4886
2019-06-27,3.1746
2019-06-28,3.1802
2019-07-01,3.1087
2019-07-02,2.4252
2019-07-03,2.2808
2019-07-04,2.7299
2019-07-05,2.1915
2019-07-10,2.1968
2019-07-11,3.4483
2019-07-12,3.8166
2019-07-15,4.5151
2019-07-16,4.2693
2019-07-17,3.9511
2019-07-18,3.778
2019-07-19,3.5336
2019-07-22,3.6959
2019-07-23,3.8001
2019-07-24,4.1813
2019-07-25,3.9306
2019-07-26,4.0028
2019-07-29,3.1764
2019-07-30,2.8943
2019-07-31,3.0317
2019-08-01,2.5045
2019-08-02,2.6846
2019-08-05,2.5528
2019-08-06,2.3153
2019-08-07,1.7728
2019-08-08,2.8848
2019-08-09,3.304
2019-08-12,2.2422
2019-08-13,1.2074
2019-08-14,5.3705
2019-08-15,4.1851
2019-08-16,4.5358
2019-08-20,4.7688
2019-08-21,6.5186
2019-08-22,5.3971
2019-08-23,4.9394
2019-08-26,3.9031
2019-08-27,5.9056
2019-08-28,4.1667
2019-08-29,4.3814
2019-08-30,6.6351
2019-09-02,11.2279
2019-09-03,9.3582
2019-09-04,5.4701
2019-09-05,5.3571
2019-09-06,5.5267
2019-09-09,5.4701
2019-09-10,4.7797
2019-09-11,5.1506
2019-09-12,6.7996
2019-09-13,9.528
2019-09-16,9.3333
2019-09-17,9.8317
2019-09-18,11.0619
2019-09-19,11.2878
2019-09-20,10.8266
2019-09-23,9.3448
2019-09-24,8.4475
2019-09-25,8.3143
2019-09-26,8.4295
2019-09-27,7.2924
2019-09-30,6.4107
2019-10-01,5.286
2019-10-02,6.236
2019-10-03,5.6094
2019-10-04,6.1341
2019-10-07,5.8407
2019-10-08,6.3278
2019-10-09,6.539
2019-10-10,8.6582
2019-10-11,9.3885
2019-10-15,9.0316
2019-10-16,10.5777
2019-10-17,15.7606
2019-10-18,11.8444
2019-10-21,13.2092
2019-10-22,14.6633
2019-10-23,18.3407
2019-10-24,17.543
2019-10-25,26.25
2019-10-28,24.4325
2019-10-29,12.6808
2019-10-30,12.4538
2019-10-31,15.5198
2019-11-01,12.9518
2019-11-04,9.6051
2019-11-05,8.0764
2019-11-07,7.3826
2019-11-08,9.5902
2019-11-11,7.9498
2019-11-12,9.6234
2019-11-13,11.7342
2019-11-14,11.7529
2019-11-15,11.8278
2019-11-19,11.3716
2019-11-20,11.7716
2019-11-21,11.7155
2019-11-22,14.5677
2019-11-25,13.8075
2019-11-26,14.2833
2019-11-27,15.648
2019-11-28,16.5414
2019-11-29,15.6866
2019-12-02,13.8449
2019-12-03,14.2809
2019-12-04,15.1728
2019-12-05,16.7835
2019-12-06,18.4123
2019-12-09,16.764
2019-12-10,15.9106
2019-12-11,14.4911
2019-12-12,11.1483
2019-12-13,11.5848
2019-12-16,21.1564
2019-12-17,23.7044
2019-12-18,27.0478
2019-12-19,26.6299
2019-12-20,25.3761
2019-12-23,28.2158
2019-12-26,33.5113
2019-12-27,31.0736
2019-12-30,31.0518
2020-01-02,28.655
2020-01-03,28.698
2020-01-06,29.1374
2020-01-07,27.4657
2020-01-08,27.8837
2020-01-09,27.8837
2020-01-10,27.8837
2020-01-13,27.7555
2020-01-14,29.0806
2020-01-15,29.9783
2020-01-16,29.5833
2020-01-17,29.5617
2020-01-20,29.935
2020-01-21,29.0376
2020-01-22,29.3462
2020-01-23,29.3892
2020-01-24,30.6156
2020-01-27,29.6974
2020-01-28,30.0266
2020-01-29,29.8971
2020-01-30,29.4606
2020-01-31,29.2889
2020-02-03,29.075
2020-02-04,28.7554
2020-02-05,28.7554
2020-02-06,27.7402
2020-02-07,27.53
2020-02-10,26.2916
2020-02-11,26.8205
2020-02-12,27.7968
2020-02-13,28.5435
2020-02-14,26.7697
2020-02-17,26.5002
2020-02-18,27.6354
2020-02-19,27.8354
2020-02-20,27.5287
2020-02-21,27.4462
2020-02-26,26.7719
2020-02-27,26.3276
2020-02-28,26.1855
2020-03-02,26.1044
2020-03-03,26.0032
2020-03-04,25.882
2020-03-05,25.761
2020-03-06,25.6402
2020-03-09,27.139
2020-03-10,27.4165
2020-03-11,27.6528
2020-03-12,32.1235
2020-03-13,33.1479
2020-03-16,34.835
2020-03-17,36.9104
2020-03-18,40.9285
2020-03-19,34.5397
2020-03-20,34.0756
2020-03-25,31.9282
2020-03-26,31.5585
2020-03-27,29.6383
2020-03-30,29.5176
2020-04-01,29.3972
2020-04-02,29.0173
2020-04-03,28.6397
2020-04-06,30.7894
2020-04-07,30.6286
2020-04-08,30.4481
2020-04-13,36.5096
2020-04-14,37.4046
2020-04-15,46.2969
2020-04-16,52.1144
2020-04-17,59.4291
2020-04-20,59.1391
2020-04-21,61.9004
2020-04-22,66.0879
2020-04-23,80.9409
2020-04-24,76.1252
2020-04-27,77.3636
2020-04-28,80.072
2020-04-29,81.2734
2020-04-30,76.541
2020-05-04,79.2918
2020-05-05,79.0777
2020-05-06,81.8182
2020-05-07,81.5746
2020-05-08,81.3317
2020-05-11,84.8004
2020-05-12,88.2597
2020-05-13,96.8912
2020-05-14,104.0213
2020-05-15,103.7502
2020-05-18,88.7349
2020-05-19,82.5946
2020-05-20,82.3529
2020-05-21,83.5806
2020-05-22,84.8049
2020-05-26,88.9556
2020-05-27,85.7812
2020-05-28,81.1541
2020-05-29,82.3753
2020-06-01,86.5074
2020-06-02,80.4424
2020-06-03,78.7531
2020-06-04,78.5196
2020-06-05,81.1857
2020-06-08,80.9496
2020-06-09,79.2685
2020-06-10,79.0355
2020-06-11,77.438
2020-06-12,81.6085
2020-06-16,79.5461
2020-06-17,77.9564
2020-06-18,82.105
2020-06-19,83.3811
2020-06-22,81.4804
2020-06-23,81.325
2020-06-24,82.5963
2020-06-25,82.4401
2020-06-26,83.7083
2020-06-29,83.2386
2020-06-30,78.8249
2020-07-01,81.5088
2020-07-02,82.7713
2020-07-03,79.7848
2020-07-06,79.3279
2020-07-07,79.1761
2020-07-08,79.0245
2020-07-13,78.2957
2020-07-14,78.1206
2020-07-15,77.9709
2020-07-16,82.0218
2020-07-17,81.8691
2020-07-20,81.4122
2020-07-21,84.0491
2020-07-22,85.2884
2020-07-23,89.3096
2020-07-24,93.3241
2020-07-27,88.6792
2020-07-28,87.1361
2020-07-29,86.9806
2020-07-30,88.2092
2020-07-31,88.0531
2020-08-03,87.5345
2020-08-04,76.3814
2020-08-05,77.637
2020-08-06,78.8171
2020-08-07,81.3934
2020-08-10,79.5751
2020-08-11,79.4521
2020-08-12,80.6982
2020-08-13,81.9177
2020-08-14,80.4265
2020-08-18,79.8365
2020-08-19,82.3625
2020-08-20,84.9585
2020-08-21,87.551
2020-08-24,85.8131
2020-08-25,85.6117
2020-08-26,85.4861
2020-08-27,86.6378
2020-08-28,83.7838
2020-08-31,81.9898
2020-09-01,79.1246
2020-09-02,78.9559
2020-09-03,80.156
2020-09-04,77.324
2020-09-07,75.4856
2020-09-08,75.3447
2020-09-09,75.204
2020-09-10,75.0401
2020-09-11,74.8765
2020-09-14,75.7188
2020-09-15,74.2253
2020-09-16,92.691
2020-09-17,87.2013
2020-09-18,85.7257
2020-09-21,86.5326
2020-09-22,90.3503
2020-09-23,91.495
2020-09-24,93.9826
2020-09-25,91.1668
2020-09-28,90.639
2020-09-29,91.8024
2020-09-30,91.6514
2020-10-01,92.7869
2020-10-02,94.9318
2020-10-05,94.6788
2020-10-06,97.1977
2020-10-07,101.0376
2020-10-08,104.9287
2020-10-09,116.5737
2020-10-13,114.4703
2020-10-14,115.7065
2020-10-15,120.7591
2020-10-16,129.5885
2020-10-19,133.3076
2020-10-20,131.7796
2020-10-21,135.4909
2020-10-22,143.4337
2020-10-23,149.7119
2020-10-26,142.9357
2020-10-27,131.1622
2020-10-28,127.3308
2020-10-29,123.4994
2020-10-30,115.7539
2020-11-02,113.496
2020-11-03,109.1255
2020-11-04,103.7459
2020-11-05,98.508
2020-11-09,90.3201
2020-11-10,87.5866
2020-11-11,103.8249
2020-11-12,109.8517
2020-11-13,115.7281
2020-11-16,102.6013
2020-11-17,103.6736
2020-11-18,104.6163
2020-11-19,103.0647
2020-11-20,100.3484
2020-11-24,98.2898
2020-11-25,95.5688
2020-11-26,94.0907
2020-11-27,92.4975
2020-11-30,90.6519
2020-12-01,87.9607
2020-12-02,87.7761
2020-12-03,85.1398
2020-12-04,83.711
2020-12-09,81.5966
2020-12-10,77.767
2020-12-11,80.0049
2020-12-14,83.1191
2020-12-15,82.9416
2020-12-16,81.5321
2020-12-17,80.1257
2020-12-18,81.0719
2020-12-21,80.3969
2020-12-22,81.3814
2020-12-23,90.739
2020-12-28,95.4475
2020-12-29,96.3584
2020-12-30,97.2668
2021-01-04,94.8052
2021-01-05,88.6792
2021-01-06,88.457
2021-01-07,90.5882
2021-01-08,89.167
2021-01-11,86.2263
2021-01-12,86.0302
2021-01-13,87.0033
2021-01-14,85.6392
2021-01-15,85.4444
2021-01-19,82.1346
2021-01-20,80.7229
2021-01-21,80.4929
2021-01-22,80.2426
2021-01-25,79.496
2021-01-26,79.2691
2021-01-27,76.7677
2021-01-28,76.565
2021-01-29,75.2577
2021-02-01,74.6376
2021-02-02,74.4584
2021-02-03,74.2398
2021-02-04,70.6291
2021-02-05,71.5714
2021-02-08,71.2601
2021-02-09,72.1794
2021-02-10,70.8918
2021-02-11,68.4568
2021-02-12,69.415
2021-02-17,67.5098
2021-02-18,66.1988
2021-02-19,64.8721
2021-02-22,64.356
2021-02-23,63.0556
2021-02-24,61.7581
2021-02-25,59.3315
2021-02-26,62.5292
2021-03-01,62.0602
2021-03-02,60.8252
2021-03-03,60.7182
2021-03-04,59.4684
2021-03-05,59.3449
2021-03-08,58.9755
2021-03-09,58.8527
2021-03-10,57.6279
2021-03-11,54.202
2021-03-12,56.2844
2021-03-15,60.3162
2021-03-16,57.9987
2021-03-17,57.8774
2021-03-18,57.7564
2021-03-19,57.6182
2021-03-22,57.2567
2021-03-23,56.0454
2021-03-25,55.8074
2021-03-26,54.5999
2021-03-29,54.4822
2021-03-30,53.3275
2021-03-31,53.2775
2021-04-05,51.778
2021-04-06,51.6957
2021-04-07,50.5306
2021-04-08,51.5316
2021-04-09,51.4496
2021-04-12,53.3809
2021-04-13,53.2981
2021-04-14,54.2943
2021-04-15,54.2112
2021-04-16,53.0502
2021-04-19,53.8793
2021-04-20,53.7965
2021-04-21,54.7888
2021-04-22,57.9287
2021-04-23,63.2127
2021-04-26,69.3825
2021-04-27,72.4877
2021-04-28,73.4104
2021-04-29,64.7059
2021-04-30,60.3249
2021-05-03,63.3219
2021-05-04,64.3192
2021-05-05,61.0495
2021-05-06,60.9808
2021-05-07,60.9122
2021-05-10,61.8226
2021-05-11,60.7067
2021-05-12,61.7193
2021-05-13,60.6041
2021-05-14,62.6794
2021-05-17,62.5239
2021-05-18,65.6579
2021-05-19,65.5875
2021-05-20,64.4562
2021-05-21,62.2826
2021-05-26,64.0385
2021-05-27,66.0848
2021-05-28,66.0146
2021-05-31,65.8042
2021-06-01,63.6057
2021-06-02,64.5917
2021-06-03,64.5223
2021-06-04,65.5071
2021-06-07,65.298
2021-06-08,64.176
2021-06-09,64.1069
2021-06-10,65.0894
2021-06-11,66.0711
2021-06-14,65.8619
2021-06-15,67.9085
2021-06-16,71.0029
2021-06-17,70.9491
2021-06-18,71.9438
2021-06-22,72.7749
2021-06-23,73.7674
2021-06-24,77.8987
2021-06-25,82.0274
2021-06-28,80.811
2021-06-29,77.6199
2021-06-30,75.4936
2021-07-01,76.4644
2021-07-02,77.453
2021-07-05,78.3293
2021-07-06,78.2736
2021-07-07,79.26
2021-07-08,81.2878
2021-07-12,84.1831
2021-07-13,83.0854
2021-07-14,84.0682
2021-07-15,85.0504
2021-07-16,86.032
2021-07-19,86.8965
2021-07-20,88.9143
2021-07-21,89.3743
2021-07-22,91.39
2021-07-23,91.3305
2021-07-26,91.6503
2021-07-27,89.4802
2021-07-28,86.2583
2021-07-29,86.2005
2021-07-30,86.6791
2021-08-02,86.5055
2021-08-03,86.4477
2021-08-04,86.3899
2021-08-05,86.313
2021-08-06,84.1915
2021-08-09,84.5361
2021-08-10,83.4484
2021-08-11,83.4106
2021-08-12,83.869
2021-08-13,87.4163
2021-08-17,88.2135
2021-08-18,87.108
2021-08-19,86.5557
2021-08-20,87.0119
2021-08-23,86.8391
2021-08-24,86.7816
2021-08-25,86.192
2021-08-26,86.0584
2021-08-27,86.5327
2021-08-30,86.2464
2021-08-31,86.1893
2021-09-01,84.5981
2021-09-02,85.0148
2021-09-03,85.961
2021-09-06,85.8091
2021-09-07,87.264
2021-09-08,90.7774
2021-09-09,90.2091
2021-09-10,88.5831
2021-09-13,84.299
2021-09-14,85.8074
2021-09-15,88.2952
2021-09-16,89.1974
2021-09-17,88.1037
2021-09-20,86.84
2021-09-21,86.821
2021-09-22,87.7982
2021-09-23,87.7791
2021-09-24,88.7175
2021-09-27,89.0139
2021-09-28,89.5014
2021-09-29,89.4438
2021-09-30,88.3735
2021-10-01,88.2972
2021-10-04,87.0765
2021-10-05,87.0576
2021-10-06,87.5253
2021-10-07,86.4578
2021-10-12,86.6801
2021-10-13,86.6236
2021-10-14,87.0714
2021-10-15,88.023
2021-10-18,86.8453
2021-10-19,88.2993
2021-10-20,89.249
2021-10-21,92.2109
2021-10-22,96.1771
2021-10-25,94.9945
2021-10-26,96.9256
2021-10-27,97.7515
2021-10-28,98.6157
2021-10-29,98.0546
2021-11-01,96.8346
2021-11-02,97.7967
2021-11-03,99.1992
2021-11-04,99.0995
2021-11-05,99.0995
2021-11-08,98.9005
2021-11-09,99.3007
2021-11-10,104.7134
2021-11-11,106.129
2021-11-12,99.5411
2021-11-15,98.9231
2021-11-16,99.8804
2021-11-17,100.7772
2021-11-18,100.1793
2021-11-19,100.5574
2021-11-23,99.8012
2021-11-24,99.2646
2021-11-25,99.6424
2021-11-26,99.4839
2021-11-29,99.1677
2021-11-30,99.6433
2021-12-01,98.4952
2021-12-02,98.3774
2021-12-03,98.2009
2021-12-06,96.4074
2021-12-07,95.3241
2021-12-09,93.0844
2021-12-10,93.4436
2021-12-13,92.1754
2021-12-14,93.0824
2021-12-15,94.9327
2021-12-16,94.8179
2021-12-17,96.1361
2021-12-20,95.7905
2021-12-21,94.7162
2021-12-22,96.0305
2021-12-23,99.355
2021-12-27,98.4011
2021-12-28,100.7406
2021-12-29,103.5252
2021-12-30,102.4331
2022-01-03,99.9224
2022-01-04,100.3298
2022-01-05,101.1634
2022-01-06,101.9762
2022-01-07,101.3748
2022-01-10,99.0146
2022-01-11,101.7764
2022-01-12,101.1772
2022-01-13,101.9472
2022-01-14,101.7333
2022-01-17,100.8264
2022-01-18,102.5146
2022-01-19,104.3361
2022-01-20,105.1774
2022-01-21,109.8706
2022-01-24,109.5092
2022-01-25,109.847
2022-01-26,111.1196
2022-01-27,112.3902
2022-01-28,102.7091
2022-01-31,102.8185
2022-02-01,103.5381
2022-02-02,105.7594
2022-02-03,105.1087
2022-02-04,102.9975
2022-02-07,102.4598
2022-02-08,103.2136
2022-02-09,104.8909
2022-02-10,103.2827
2022-02-11,103.0911
2022-02-14,102.0867
2022-02-15,101.9159
2022-02-16,101.7264
2022-02-17,100.5999
2022-02-18,97.6025
2022-02-21,97.5528
2022-02-22,95.9686
2022-02-23,95.713
2022-02-24,96.0145
2022-02-25,96.3887
2022-03-02,90.8468
2022-03-03,88.819
2022-03-04,85.8358
2022-03-07,85.3389
2022-03-08,86.0722
2022-03-09,88.1671
2022-03-10,86.6152
2022-03-11,85.5083
2022-03-14,83.1334
2022-03-15,82.9659
2022-03-16,84.5929
2022-03-17,84.4412
2022-03-18,84.6954
2022-03-21,83.6531
2022-03-22,82.6111
2022-03-23,82.4122
2022-03-25,82.9876
2022-03-28,80.6685
2022-03-29,80.5054
2022-03-30,81.2117
2022-03-31,80.2127
2022-04-01,79.9694
2022-04-04,78.3793
2022-04-05,75.47
2022-04-06,75.2504
2022-04-07,75.0313
2022-04-08,75.243
2022-04-11,73.1948
2022-04-12,72.9643
2022-04-13,72.7039
2022-04-18,71.5643
2022-04-19,74.0047
2022-04-20,75.0768
2022-04-21,77.0222
2022-04-22,77.6805
2022-04-25,79.163
2022-04-26,85.0401
2022-04-27,79.5496
2022-04-28,77.1295
2022-04-29,73.8791
2022-05-02,73.6501
2022-05-03,75.6127
2022-05-04,73.246
2022-05-05,73.4676
2022-05-06,72.814
2022-05-09,72.5762
2022-05-10,72.7677
2022-05-11,75.079
2022-05-12,73.5608
2022-05-13,73.3242
2022-05-16,73.9204
2022-05-17,76.2115
2022-05-19,74.0453
2022-05-20,72.1664
2022-05-23,73.6024
2022-05-24,74.6432
2022-05-26,73.3378
2022-05-27,72.7166
2022-05-30,72.069
2022-05-31,71.4381
2022-06-01,71.1959
2022-06-02,70.9969
2022-06-03,69.9411
2022-06-06,69.2676
2022-06-07,69.8549
2022-06-08,71.2498
2022-06-09,71.0104
2022-06-10,72.4279
2022-06-13,76.6149
2022-06-14,82.887
2022-06-15,76.8685
2022-06-16,75.7526
2022-06-21,77.864
2022-06-22,80.8493
2022-06-23,80.6015
2022-06-24,81.8767
2022-06-27,86.0316
2022-06-28,91.3837
2022-06-29,91.1236
2022-06-30,90.0655
2022-07-01,90.5749
2022-07-04,106.3656
2022-07-05,99.7147
2022-07-06,101.7724
2022-07-07,103.0497
2022-07-08,115.3336
2022-07-11,110.4106
2022-07-12,113.2163
2022-07-13,121.4571
2022-07-14,125.746
2022-07-15,128.4957
2022-07-18,125.7564
2022-07-19,133.0984
2022-07-20,144.9957
2022-07-21,160.0108
2022-07-22,160.4809
2022-07-25,146.9325
2022-07-26,147.2822
2022-07-27,149.0641
2022-07-28,139.457
2022-07-29,125.5582
2022-08-01,113.7335
2022-08-02,120.1543
2022-08-03,125.0585
2022-08-04,119.3908
2022-08-05,120.4831
2022-08-08,118.6283
2022-08-09,118.9836
2022-08-10,120.0836
2022-08-11,121.262
2022-08-12,119.2982
2022-08-16,114.9188
2022-08-17,115.3869
2022-08-18,115.8061
2022-08-19,116.8161
2022-08-22,113.6221
2022-08-23,116.9467
2022-08-24,115.093
2022-08-25,113.2615
2022-08-26,112.1322
2022-08-29,111.0894
2022-08-30,110.0022
2022-08-31,109.0693
2022-09-01,105.0212
2022-09-05,92.582
2022-09-06,96.3295
2022-09-07,101.6759
2022-09-08,98.3284
2022-09-09,93.8039
2022-09-12,91.1723
2022-09-13,91.4715
2022-09-14,93.869
2022-09-15,92.7644
2022-09-16,93.0314
2022-09-19,91.8947
2022-09-20,98.4374
2022-09-21,98.0676
2022-09-22,97.6992
2022-09-23,97.3051
2022-09-26,95.5422
2022-09-27,95.1419
2022-09-28,97.4939
2022-09-29,95.7985
2022-09-30,95.4928
2022-10-03,91.5812
2022-10-04,89.7967
2022-10-05,89.3761
2022-10-06,85.6568
2022-10-11,85.7626
2022-10-12,91.3527
2022-10-13,92.3077
2022-10-14,91.255
2022-10-17,88.1597
2022-10-18,89.7533
2022-10-19,90.6379
2022-10-20,89.5765
2022-10-21,89.1945
2022-10-24,88.0574
2022-10-25,88.9713
2022-10-26,87.9022
2022-10-27,86.8979
2022-10-28,87.1555
2022-10-31,84.8311
2022-11-01,84.4314
2022-11-02,84.6564
2022-11-03,81.7146
2022-11-04,82.5994
2022-11-07,82.0122
2022-11-08,82.2052
2022-11-09,82.443
2022-11-10,82.0903
2022-11-11,82.316
2022-11-14,81.7507
2022-11-15,86.2703
2022-11-16,89.5851
2022-11-17,88.5749
2022-11-18,88.1704
2022-11-22,87.2113
2022-11-23,89.263
2022-11-24,93.0876
2022-11-25,93.2484
2022-11-28,90.842
2022-11-29,88.6679
2022-11-30,87.7317
2022-12-01,86.6539
2022-12-02,85.6148
2022-12-05,84.4626
2022-12-06,85.8297
2022-12-07,86.0246
2022-12-12,81.9985
2022-12-13,83.3954
2022-12-14,85.9384
2022-12-15,85.5826
2022-12-16,85.8392
2022-12-19,86.0865
2022-12-20,87.4317
2022-12-21,86.5136
2022-12-22,89.0143
2022-12-23,94.4524
2022-12-26,96.8706
2022-12-27,102.1923
2022-12-28,102.4039
2022-12-29,98.031
2022-12-30,95.3368
2023-01-02,91.9838
2023-01-03,98.3971
2023-01-04,98.1528
2023-01-05,97.2728
2023-01-06,97.5006
2023-01-09,96.5138
2023-01-10,96.7849
2023-01-11,98.6828
2023-01-12,98.3754
2023-01-13,99.1395
2023-01-16,102.5692
2023-01-17,102.7508
2023-01-18,106.7834
2023-01-19,105.8647
2023-01-20,103.8814
2023-01-23,103.9377
2023-01-24,103.5844
2023-01-25,105.9348
2023-01-26,106.6695
2023-01-27,107.4018
2023-01-30,106.8818
2023-01-31,104.9443
2023-02-01,103.4061
2023-02-02,100.9488
2023-02-03,101.1173
2023-02-06,100.4231
2023-02-07,96.8753
2023-02-08,100.6742
2023-02-09,100.3155
2023-02-10,98.9188
2023-02-13,96.723
2023-02-14,97.3753
2023-02-15,97.0059
2023-02-16,96.0784
2023-02-17,95.1447
2023-02-22,93.3532
2023-02-23,92.9869
2023-02-24,93.6242
2023-02-27,92.5715
2023-02-28,91.225
2023-03-01,89.8158
2023-03-02,89.4992
2023-03-03,90.1543
2023-03-06,88.1114
2023-03-07,86.3074
2023-03-08,85.4722
2023-03-09,88.6604
2023-03-10,85.831
2023-03-13,84.8365
2023-03-14,86.4952
2023-03-15,86.1545
2023-03-16,86.7363
2023-03-17,88.3545
2023-03-20,87.2861
2023-03-21,88.3294
2023-03-22,91.8208
2023-03-23,89.9995
2023-03-27,87.5603
2023-03-28,87.6443
2023-03-29,90.6363
2023-03-30,88.3988
2023-03-31,88.0473
2023-04-03,87.8001
2023-04-04,85.9583
2023-04-05,85.5709
2023-04-10,83.7529
2023-04-11,82.8812
2023-04-12,83.8973
2023-04-13,85.4008
2023-04-14,85.96
2023-04-17,88.5746
2023-04-18,92.7244
2023-04-19,94.5096
2023-04-20,98.1379
2023-04-21,102.2791
2023-04-24,109.7712
2023-04-25,124.1137
2023-04-26,113.9472
2023-04-27,110.3414
2023-05-02,108.7878
2023-05-03,110.5824
2023-05-04,107.8348
2023-05-05,106.9057
2023-05-08,106.0814
2023-05-09,106.0861
2023-05-10,106.1179
2023-05-11,106.1225
2023-05-12,107.1251
2023-05-15,105.5151
2023-05-16,108.9281
2023-05-17,110.6626
2023-05-18,109.6969
2023-05-19,109.676
2023-05-22,107.329
2023-05-23,108.5816
2023-05-24,108.8019
2023-05-29,106.9168
2023-05-30,106.0388
2023-05-31,105.9917
2023-06-01,104.1071
2023-06-02,103.5391
2023-06-05,102.0202
2023-06-06,99.4407
2023-06-07,98.5152
2023-06-08,98.0927
2023-06-09,97.167
2023-06-12,96.1261
2023-06-13,97.7435
2023-06-14,100.1614
2023-06-15,95.9128
2023-06-16,97.4635
2023-06-21,95.2303
2023-06-22,95.2398
2023-06-23,95.6599
2023-06-26,93.6827
2023-06-27,94.3802
2023-06-28,93.8712
2023-06-29,92.788
2023-06-30,92.0679
2023-07-03,91.8753
2023-07-04,90.2373
2023-07-05,89.3764
2023-07-06,88.6068
2023-07-07,88.5202
2023-07-10,88.4637
2023-07-11,89.1235
2023-07-12,90.5808
2023-07-13,93.5581
2023-07-14,96.8771
2023-07-17,94.9099
2023-07-18,94.3344
2023-07-19,95.7275
2023-07-20,95.327
2023-07-21,96.3477
2023-07-24,103.5473
2023-07-25,97.2982
2023-07-26,100.4405
2023-07-27,102.5641
2023-07-28,101.3668
2023-07-31,99.7966
2023-08-01,102.7957
2023-08-02,101.9182
2023-08-03,104.8297
2023-08-04,105.4991
2023-08-07,110.4891
2023-08-08,109.7189
2023-08-09,110.3934
2023-08-10,110.3498
2023-08-11,110.5886
2023-08-14,95.7255
2023-08-15,108.5655
2023-08-16,122.8571
2023-08-17,117.1553
2023-08-18,105.7025
2023-08-22,107.7084
2023-08-23,110.012
2023-08-24,107.1547
2023-08-25,108.5833
2023-08-28,110.8632
2023-08-29,114.298
2023-08-30,111.4407
2023-08-31,109.988
2023-09-01,110.0
2023-09-04,108.5536
2023-09-05,107.1488
2023-09-06,105.7143
2023-09-07,105.7202
2023-09-08,102.8687
2023-09-11,104.8688
2023-09-12,108.5833
2023-09-13,110.012
2023-09-14,106.2975
2023-09-15,108.5774
2023-09-18,110.8632
2023-09-19,111.4407
2023-09-20,110.0
2023-09-21,112.8693
2023-09-22,112.8389
2023-09-25,112.8511
2023-09-26,116.5529
2023-09-27,120.8382
2023-09-28,125.6949
2023-09-29,128.5649
2023-10-02,128.5518
2023-10-03,131.4087
2023-10-04,131.4087
2023-10-05,140.8365
2023-10-06,151.407
2023-10-09,169.9769
2023-10-10,188.5467
2023-10-11,188.5467
2023-10-12,179.976
2023-10-17,181.4125
2023-10-18,158.5493
2023-10-19,157.1208
2023-10-20,157.1208
2023-10-23,214.2857
2023-10-24,214.2588
2023-10-25,185.698
2023-10-26,179.992
2023-10-27,182.8491
2023-10-30,177.1191
2023-10-31,162.8496
2023-11-01,161.436
2023-11-02,164.2631
2023-11-03,164.2631
2023-11-07,154.2639
2023-11-08,154.2639
2023-11-09,171.4053
2023-11-10,174.2857
2023-11-13,164.2631
2023-11-14,164.2631
2023-11-15,174.7798
2023-11-16,168.7564
2023-11-17,168.354
